SITE_ID,DATE_COL,UID
NLA12_AL-101,5/24/2012,6300
NLA12_AL-101,7/21/2012,7374
NLA12_AL-102,7/17/2012,7228
NLA12_AL-103,7/19/2012,7292
NLA12_AL-104,7/23/2012,7368
NLA12_AL-105,5/23/2012,6267
NLA12_AL-105,7/24/2012,7394
NLA12_AL-106,,
NLA12_AL-107,,
NLA12_AL-108,,
NLA12_AL-109,,
NLA12_AL-110,,
NLA12_AL-111,,
NLA12_AL-112,7/22/2012,7375
NLA12_AL-113,8/8/2012,7769
NLA12_AL-114,7/26/2012,7459
NLA12_AL-R03,7/18/2012,7291
NLA12_AL-R05,7/21/2012,7376
NLA12_AR-101,7/23/2012,7392
NLA12_AR-101,8/17/2012,8021
NLA12_AR-102,8/21/2012,8144
NLA12_AR-103,8/24/2012,8217
NLA12_AR-104,8/9/2012,7812
NLA12_AR-105,7/24/2012,7409
NLA12_AR-105,8/16/2012,8022
NLA12_AR-106,8/20/2012,8121
NLA12_AR-107,8/28/2012,1000181
NLA12_AR-108,8/28/2012,1000182
NLA12_AR-109,8/8/2012,7811
NLA12_AR-110,8/28/2012,1000183
NLA12_AR-111,8/22/2012,8145
NLA12_AZ-101,5/8/2012,6187
NLA12_AZ-101,6/14/2012,6612
NLA12_AZ-102,9/19/2012,8648
NLA12_AZ-103,8/9/2012,7821
NLA12_AZ-104,,
NLA12_AZ-105,,
NLA12_AZ-106,8/23/2012,8218
NLA12_AZ-107,7/26/2012,7475
NLA12_AZ-108,,
NLA12_AZ-109,,
NLA12_AZ-110,,
NLA12_AZ-111,,
NLA12_AZ-112,,
NLA12_AZ-113,,
NLA12_AZ-114,,
NLA12_AZ-115,,
NLA12_AZ-116,,
NLA12_AZ-117,,
NLA12_AZ-118,5/9/2012,6192
NLA12_AZ-119,,
NLA12_AZ-120,,
NLA12_AZ-121,,
NLA12_AZ-122,,
NLA12_AZ-123,8/24/2012,8219
NLA12_AZ-124,,
NLA12_AZ-125,,
NLA12_AZ-126,,
NLA12_AZ-127,5/23/2012,6281
NLA12_AZ-128,,
NLA12_AZ-129,,
NLA12_AZ-130,5/10/2012,6195
NLA12_AZ-130,8/22/2012,8198
NLA12_AZ-131,,
NLA12_AZ-132,,
NLA12_AZ-133,,
NLA12_AZ-134,,
NLA12_AZ-135,,
NLA12_AZ-136,,
NLA12_AZ-137,,
NLA12_AZ-138,,
NLA12_AZ-139,,
NLA12_AZ-140,7/19/2012,7290
NLA12_AZ-141,,
NLA12_AZ-142,,
NLA12_AZ-143,8/30/2012,8320
NLA12_AZ-144,,
NLA12_AZ-145,8/14/2012,8016
NLA12_AZ-146,,
NLA12_AZ-147,,
NLA12_AZ-148,,
NLA12_AZ-149,,
NLA12_AZ-150,,
NLA12_AZ-151,,
NLA12_AZ-152,,
NLA12_AZ-153,,
NLA12_AZ-154,,
NLA12_AZ-155,,
NLA12_AZ-156,,
NLA12_AZ-157,8/17/2012,8251
NLA12_AZ-R01,8/22/2012,8183
NLA12_AZ-R02,8/21/2012,8153
NLA12_CA-101,7/9/2012,7020
NLA12_CA-101,9/24/2012,8759
NLA12_CA-102,8/28/2012,8264
NLA12_CA-103,8/13/2012,7916
NLA12_CA-104,9/11/2012,8483
NLA12_CA-105,7/11/2012,7126
NLA12_CA-106,5/22/2012,6250
NLA12_CA-107,9/10/2012,8466
NLA12_CA-108,8/8/2012,7796
NLA12_CA-109,,
NLA12_CA-110,,
NLA12_CA-111,7/19/2012,7341
NLA12_CA-111,8/14/2012,7937
NLA12_CA-112,7/25/2012,7424
NLA12_CA-113,,
NLA12_CA-114,,
NLA12_CA-115,,
NLA12_CA-116,6/12/2012,6559
NLA12_CA-117,,
NLA12_CA-118,,
NLA12_CA-119,8/7/2012,7740
NLA12_CA-120,,
NLA12_CA-121,6/19/2012,6659
NLA12_CA-122,,
NLA12_CA-123,8/15/2012,7989
NLA12_CA-124,,
NLA12_CA-125,,
NLA12_CA-126,,
NLA12_CA-127,,
NLA12_CA-128,7/31/2012,7563
NLA12_CA-129,,
NLA12_CA-130,,
NLA12_CA-131,,
NLA12_CA-132,6/13/2012,6596
NLA12_CA-133,,
NLA12_CA-134,,
NLA12_CA-135,8/15/2012,7988
NLA12_CA-136,,
NLA12_CA-137,,
NLA12_CA-138,9/6/2012,8424
NLA12_CA-139,,
NLA12_CA-140,,
NLA12_CA-141,8/22/2012,8148
NLA12_CA-142,,
NLA12_CA-143,5/2/2012,6160
NLA12_CA-144,,
NLA12_CA-145,7/30/2012,7529
NLA12_CA-146,,
NLA12_CA-147,,
NLA12_CA-148,,
NLA12_CA-149,,
NLA12_CA-150,,
NLA12_CA-151,,
NLA12_CA-152,,
NLA12_CA-153,,
NLA12_CA-154,7/17/2012,7229
NLA12_CA-155,,
NLA12_CA-156,8/27/2012,8265
NLA12_CA-157,6/18/2012,6642
NLA12_CA-158,,
NLA12_CA-159,,
NLA12_CA-160,,
NLA12_CA-161,,
NLA12_CA-162,,
NLA12_CA-163,,
NLA12_CA-164,,
NLA12_CA-165,,
NLA12_CA-166,7/24/2012,7423
NLA12_CA-167,7/18/2012,7263
NLA12_CA-168,5/21/2012,6235
NLA12_CA-169,,
NLA12_CA-170,,
NLA12_CA-171,,
NLA12_CA-172,5/23/2012,6279
NLA12_CA-173,,
NLA12_CA-174,6/11/2012,6558
NLA12_CA-175,,
NLA12_CA-176,,
NLA12_CA-177,,
NLA12_CA-178,,
NLA12_CA-179,6/14/2012,6623
NLA12_CA-180,7/10/2012,7064
NLA12_CA-181,8/29/2012,8333
NLA12_CA-182,,
NLA12_CA-183,,
NLA12_CA-184,,
NLA12_CA-185,,
NLA12_CA-186,,
NLA12_CA-187,,
NLA12_CA-188,8/6/2012,7712
NLA12_CA-189,,
NLA12_CA-190,7/16/2012,7208
NLA12_CA-191,,
NLA12_CA-192,,
NLA12_CA-193,,
NLA12_CA-194,,
NLA12_CA-195,,
NLA12_CA-196,,
NLA12_CA-197,,
NLA12_CA-198,,
NLA12_CA-199,,
NLA12_CA-200,7/23/2012,7366
NLA12_CA-201,,
NLA12_CA-202,,
NLA12_CA-203,,
NLA12_CA-204,,
NLA12_CA-205,,
NLA12_CA-206,8/20/2012,8076
NLA12_CA-207,,
NLA12_CA-208,8/21/2012,8149
NLA12_CA-209,,
NLA12_CA-210,,
NLA12_CA-211,,
NLA12_CA-212,9/5/2012,8398
NLA12_CA-213,,
NLA12_CA-214,,
NLA12_CA-215,,
NLA12_CA-216,,
NLA12_CA-217,,
NLA12_CA-218,,
NLA12_CA-219,,
NLA12_CA-220,,
NLA12_CA-221,,
NLA12_CA-222,,
NLA12_CA-223,9/26/2012,8779
NLA12_CA-R01,7/20/2012,7338
NLA12_CA-R02,7/23/2012,7396
NLA12_CA-R03,7/22/2012,7379
NLA12_CA-R05,7/18/2012,7289
NLA12_CA-R06,7/16/2012,7230
NLA12_CA-R09,7/12/2012,1000057
NLA12_CA-R10,7/17/2012,7254
NLA12_CA-R12,7/15/2012,7200
NLA12_CA-R13,7/13/2012,7172
NLA12_CO-101,7/13/2012,7173
NLA12_CO-101,8/21/2012,8129
NLA12_CO-102,6/26/2012,6795
NLA12_CO-103,9/12/2012,8505
NLA12_CO-104,9/14/2012,8596
NLA12_CO-105,8/30/2012,8325
NLA12_CO-106,7/20/2012,7325
NLA12_CO-107,8/29/2012,8297
NLA12_CO-108,7/5/2012,6976
NLA12_CO-109,8/23/2012,8184
NLA12_CO-110,5/29/2012,6342
NLA12_CO-111,9/11/2012,8477
NLA12_CO-112,,
NLA12_CO-113,,
NLA12_CO-114,6/27/2012,6874
NLA12_CO-115,7/11/2012,7102
NLA12_CO-116,,
NLA12_CO-117,8/2/2012,7686
NLA12_CO-118,,
NLA12_CO-119,7/18/2012,7322
NLA12_CO-120,,
NLA12_CO-121,8/1/2012,7684
NLA12_CO-122,,
NLA12_CO-123,,
NLA12_CO-124,6/22/2012,6753
NLA12_CO-125,7/26/2012,7476
NLA12_CO-126,7/2/2012,6938
NLA12_CO-127,9/6/2012,8414
NLA12_CO-128,,
NLA12_CO-129,7/24/2012,7395
NLA12_CO-130,8/15/2012,7957
NLA12_CO-131,6/28/2012,6875
NLA12_CO-131,8/17/2012,8025
NLA12_CO-133,8/8/2012,7827
NLA12_CO-R01,8/27/2012,8258
NLA12_CO-R04,8/8/2012,7768
NLA12_CO-R07,8/30/2012,8334
NLA12_CO-R10,8/28/2012,8282
NLA12_CT-101,6/20/2012,6689
NLA12_CT-101,8/29/2012,8298
NLA12_CT-102,6/28/2012,6854
NLA12_CT-103,8/9/2012,7800
NLA12_CT-104,7/11/2012,7091
NLA12_CT-105,9/12/2012,8500
NLA12_CT-106,,
NLA12_CT-107,7/25/2012,7450
NLA12_CT-108,8/15/2012,7953
NLA12_CT-109,,
NLA12_CT-110,,
NLA12_CT-111,,
NLA12_CT-112,,
NLA12_CT-113,,
NLA12_CT-114,,
NLA12_CT-115,6/26/2012,6813
NLA12_CT-115,9/6/2012,8412
NLA12_CT-116,,
NLA12_CT-117,,
NLA12_CT-118,7/17/2012,7224
NLA12_CT-119,,
NLA12_CT-120,,
NLA12_CT-121,,
NLA12_CT-122,,
NLA12_CT-123,,
NLA12_CT-124,,
NLA12_CT-125,,
NLA12_CT-126,8/1/2012,7582
NLA12_DE-101,8/6/2012,7729
NLA12_DE-101,9/19/2012,8654
NLA12_DE-102,6/27/2012,6838
NLA12_DE-103,8/15/2012,7972
NLA12_DE-104,8/20/2012,8115
NLA12_DE-105,6/25/2012,6780
NLA12_DE-105,9/17/2012,8620
NLA12_DE-106,,
NLA12_DE-107,9/13/2012,8592
NLA12_DE-108,,
NLA12_DE-109,,
NLA12_DE-110,,
NLA12_DE-111,,
NLA12_DE-112,,
NLA12_DE-113,,
NLA12_DE-114,,
NLA12_DE-115,,
NLA12_DE-116,,
NLA12_DE-117,,
NLA12_DE-118,,
NLA12_DE-119,,
NLA12_DE-120,,
NLA12_DE-121,9/10/2012,8469
NLA12_FL-101,5/14/2012,6212
NLA12_FL-101,8/19/2012,8062
NLA12_FL-102,5/16/2012,6222
NLA12_FL-102,8/10/2012,7826
NLA12_FL-103,7/30/2012,7530
NLA12_FL-104,5/19/2012,6233
NLA12_FL-105,8/12/2012,7839
NLA12_FL-106,5/20/2012,6232
NLA12_FL-107,5/17/2012,6228
NLA12_FL-108,7/28/2012,7531
NLA12_FL-109,8/11/2012,7836
NLA12_FL-110,5/18/2012,6231
NLA12_FL-110,8/14/2012,7908
NLA12_FL-111,,
NLA12_FL-112,,
NLA12_FL-113,,
NLA12_FL-114,5/21/2012,6251
NLA12_FL-115,,
NLA12_FL-116,,
NLA12_FL-117,,
NLA12_FL-118,,
NLA12_FL-119,,
NLA12_FL-120,,
NLA12_FL-121,,
NLA12_FL-122,,
NLA12_FL-123,5/15/2012,6218
NLA12_FL-123,8/18/2012,8061
NLA12_FL-124,,
NLA12_FL-125,,
NLA12_FL-126,8/13/2012,7909
NLA12_FL-127,,
NLA12_FL-128,,
NLA12_FL-129,,
NLA12_FL-130,8/9/2012,7814
NLA12_FL-131,,
NLA12_FL-132,8/19/2012,8060
NLA12_FL-133,,
NLA12_FL-134,,
NLA12_FL-135,,
NLA12_FL-136,,
NLA12_FL-137,,
NLA12_FL-138,,
NLA12_FL-139,,
NLA12_FL-140,,
NLA12_FL-141,8/17/2012,8026
NLA12_FL-R04,8/15/2012,1000190
NLA12_FL-R06,7/29/2012,7532
NLA12_GA-101,5/24/2012,6293
NLA12_GA-101,8/28/2012,8277
NLA12_GA-102,7/19/2012,7307
NLA12_GA-103,8/21/2012,8122
NLA12_GA-104,7/25/2012,7453
NLA12_GA-105,7/9/2012,7021
NLA12_GA-106,,
NLA12_GA-107,6/13/2012,6585
NLA12_GA-108,,
NLA12_GA-109,,
NLA12_GA-110,,
NLA12_GA-111,8/8/2012,7791
NLA12_GA-112,5/16/2012,6226
NLA12_GA-112,8/15/2012,7993
NLA12_GA-113,,
NLA12_GA-114,8/29/2012,8316
NLA12_GA-115,,
NLA12_GA-116,,
NLA12_GA-117,,
NLA12_GA-118,6/28/2012,6889
NLA12_GA-119,,
NLA12_GA-120,,
NLA12_GA-121,,
NLA12_GA-122,,
NLA12_GA-123,,
NLA12_GA-124,,
NLA12_GA-125,,
NLA12_GA-126,,
NLA12_GA-127,8/22/2012,8178
NLA12_GA-R01,7/25/2012,7461
NLA12_GA-R11,8/16/2012,8027
NLA12_IA-101,6/14/2012,6604
NLA12_IA-101,7/17/2012,7242
NLA12_IA-102,7/26/2012,7462
NLA12_IA-103,6/26/2012,6789
NLA12_IA-104,7/9/2012,7017
NLA12_IA-105,6/11/2012,6530
NLA12_IA-106,6/25/2012,6768
NLA12_IA-107,6/4/2012,6416
NLA12_IA-108,,
NLA12_IA-109,6/18/2012,6660
NLA12_IA-110,,
NLA12_IA-111,,
NLA12_IA-112,,
NLA12_IA-113,6/28/2012,6848
NLA12_IA-114,,
NLA12_IA-115,,
NLA12_IA-116,,
NLA12_IA-117,,
NLA12_IA-118,,
NLA12_IA-119,,
NLA12_IA-120,6/12/2012,6541
NLA12_IA-120,7/23/2012,7371
NLA12_IA-121,,
NLA12_IA-122,,
NLA12_IA-123,,
NLA12_IA-124,,
NLA12_IA-125,,
NLA12_IA-126,,
NLA12_IA-127,7/10/2012,7041
NLA12_IA-128,,
NLA12_IA-129,,
NLA12_IA-130,,
NLA12_IA-131,,
NLA12_IA-132,6/7/2012,6464
NLA12_IA-133,,
NLA12_IA-134,7/12/2012,7125
NLA12_IA-135,,
NLA12_IA-136,,
NLA12_IA-137,,
NLA12_IA-138,,
NLA12_IA-139,,
NLA12_IA-140,,
NLA12_IA-141,,
NLA12_IA-142,,
NLA12_IA-143,,
NLA12_IA-144,,
NLA12_IA-145,,
NLA12_IA-146,,
NLA12_IA-147,,
NLA12_IA-148,,
NLA12_IA-149,,
NLA12_IA-150,7/2/2012,6915
NLA12_IA-151,,
NLA12_IA-152,7/5/2012,6977
NLA12_IA-R01,6/27/2012,6815
NLA12_IA-R02,6/28/2012,6840
NLA12_IA-R03,6/26/2012,6783
NLA12_ID-101,7/2/2012,6959
NLA12_ID-101,8/7/2012,7761
NLA12_ID-102,7/13/2012,7164
NLA12_ID-103,7/14/2012,1000069
NLA12_ID-104,8/2/2012,7671
NLA12_ID-105,7/13/2012,7189
NLA12_ID-106,,
NLA12_ID-107,6/25/2012,1000019
NLA12_ID-108,7/13/2012,7167
NLA12_ID-109,6/27/2012,1000029
NLA12_ID-110,7/30/2012,7549
NLA12_ID-111,6/28/2012,1000030
NLA12_ID-112,7/12/2012,7163
NLA12_ID-112,8/14/2012,7913
NLA12_ID-113,7/3/2012,6958
NLA12_ID-114,,
NLA12_ID-115,,
NLA12_ID-116,,
NLA12_ID-117,,
NLA12_ID-118,,
NLA12_ID-119,,
NLA12_ID-120,,
NLA12_ID-121,7/14/2012,7188
NLA12_ID-122,7/31/2012,7588
NLA12_ID-123,,
NLA12_ID-124,,
NLA12_ID-125,,
NLA12_ID-126,,
NLA12_ID-127,,
NLA12_ID-128,,
NLA12_ID-129,,
NLA12_ID-130,,
NLA12_ID-131,,
NLA12_ID-132,,
NLA12_ID-133,,
NLA12_ID-134,,
NLA12_ID-135,,
NLA12_ID-136,,
NLA12_ID-137,,
NLA12_ID-138,,
NLA12_ID-139,,
NLA12_ID-140,,
NLA12_ID-141,7/3/2012,6940
NLA12_ID-142,7/27/2012,7477
NLA12_ID-143,8/6/2012,1000122
NLA12_ID-144,,
NLA12_ID-145,7/23/2012,7413
NLA12_ID-146,,
NLA12_ID-147,,
NLA12_ID-148,7/16/2012,1000068
NLA12_ID-149,7/15/2012,1000067
NLA12_ID-150,,
NLA12_ID-151,6/27/2012,1000025
NLA12_ID-152,,
NLA12_ID-153,,
NLA12_ID-154,,
NLA12_ID-155,,
NLA12_ID-156,,
NLA12_ID-157,,
NLA12_ID-158,7/26/2012,7478
NLA12_ID-159,,
NLA12_ID-160,,
NLA12_ID-161,,
NLA12_ID-162,,
NLA12_ID-163,,
NLA12_ID-164,,
NLA12_ID-165,7/15/2012,7187
NLA12_ID-166,7/30/2012,7533
NLA12_ID-167,,
NLA12_ID-168,7/2/2012,6937
NLA12_ID-169,,
NLA12_ID-170,,
NLA12_ID-171,,
NLA12_ID-172,,
NLA12_ID-173,,
NLA12_ID-174,,
NLA12_ID-175,7/5/2012,6971
NLA12_ID-176,,
NLA12_ID-177,,
NLA12_ID-178,,
NLA12_ID-179,,
NLA12_ID-180,8/14/2012,1000160
NLA12_ID-181,,
NLA12_ID-182,,
NLA12_ID-183,,
NLA12_ID-184,,
NLA12_ID-185,,
NLA12_ID-186,,
NLA12_ID-187,,
NLA12_ID-188,,
NLA12_ID-189,,
NLA12_ID-190,,
NLA12_ID-191,,
NLA12_ID-192,,
NLA12_ID-193,,
NLA12_ID-194,6/26/2012,6823
NLA12_ID-195,,
NLA12_ID-196,,
NLA12_ID-197,,
NLA12_ID-198,7/31/2012,7590
NLA12_ID-199,,
NLA12_ID-200,,
NLA12_ID-201,,
NLA12_ID-202,,
NLA12_ID-203,8/1/2012,7587
NLA12_ID-204,,
NLA12_ID-205,8/21/2012,1000170
NLA12_ID-206,,
NLA12_ID-207,7/12/2012,7168
NLA12_ID-208,,
NLA12_ID-209,7/5/2012,6970
NLA12_ID-210,7/24/2012,7412
NLA12_ID-211,,
NLA12_ID-212,,
NLA12_ID-213,,
NLA12_ID-214,8/8/2012,1000137
NLA12_ID-215,7/25/2012,7479
NLA12_ID-216,8/7/2012,1000126
NLA12_ID-217,,
NLA12_ID-218,8/15/2012,1000159
NLA12_ID-219,,
NLA12_ID-220,8/22/2012,1000169
NLA12_ID-221,8/16/2012,1000158
NLA12_IL-101,8/14/2012,9020
NLA12_IL-102,,
NLA12_IL-103,8/30/2012,8327
NLA12_IL-103,9/26/2012,8778
NLA12_IL-104,7/18/2012,7249
NLA12_IL-105,9/13/2012,8556
NLA12_IL-106,7/19/2012,7282
NLA12_IL-107,,
NLA12_IL-108,,
NLA12_IL-109,7/25/2012,7446
NLA12_IL-109,9/18/2012,8624
NLA12_IL-110,6/26/2012,6809
NLA12_IL-111,9/12/2012,8499
NLA12_IL-112,8/15/2012,7933
NLA12_IL-113,,
NLA12_IL-114,8/29/2012,8303
NLA12_IL-115,,
NLA12_IL-116,8/16/2012,7973
NLA12_IL-117,,
NLA12_IL-118,7/17/2012,7217
NLA12_IL-119,,
NLA12_IL-120,7/24/2012,7385
NLA12_IL-121,,
NLA12_IL-122,,
NLA12_IL-123,9/25/2012,8764
NLA12_IL-R01,6/11/2012,6518
NLA12_IL-R03,6/13/2012,6571
NLA12_IL-R04,6/12/2012,6533
NLA12_IN-101,8/1/2012,7584
NLA12_IN-101,8/13/2012,7914
NLA12_IN-102,8/9/2012,7793
NLA12_IN-103,8/15/2012,8012
NLA12_IN-104,8/22/2012,8167
NLA12_IN-105,8/7/2012,7757
NLA12_IN-106,8/9/2012,7794
NLA12_IN-107,7/24/2012,7668
NLA12_IN-108,7/23/2012,7370
NLA12_IN-109,,
NLA12_IN-110,8/6/2012,7754
NLA12_IN-111,7/31/2012,7579
NLA12_IN-112,9/5/2012,8409
NLA12_IN-113,7/30/2012,7592
NLA12_IN-114,8/16/2012,8822
NLA12_IN-115,8/22/2012,8168
NLA12_IN-116,7/19/2012,7288
NLA12_IN-117,8/29/2012,8307
NLA12_IN-118,,
NLA12_IN-119,,
NLA12_IN-120,8/14/2012,7895
NLA12_IN-121,,
NLA12_IN-122,,
NLA12_IN-123,,
NLA12_IN-124,,
NLA12_IN-125,,
NLA12_IN-126,8/31/2012,8341
NLA12_IN-127,7/31/2012,7548
NLA12_IN-128,7/26/2012,7444
NLA12_IN-128,8/17/2012,8051
NLA12_IN-129,,
NLA12_IN-130,8/1/2012,7589
NLA12_IN-131,9/5/2012,8410
NLA12_IN-132,,
NLA12_IN-133,,
NLA12_IN-134,8/6/2012,7703
NLA12_IN-135,9/18/2012,8645
NLA12_IN-136,,
NLA12_IN-137,,
NLA12_IN-138,,
NLA12_IN-139,,
NLA12_IN-140,,
NLA12_IN-141,,
NLA12_IN-142,8/29/2012,8293
NLA12_IN-143,,
NLA12_IN-144,8/8/2012,7753
NLA12_IN-145,8/13/2012,7896
NLA12_IN-146,7/18/2012,7268
NLA12_IN-147,8/2/2012,7633
NLA12_IN-148,,
NLA12_IN-149,8/14/2012,7920
NLA12_IN-150,,
NLA12_IN-151,,
NLA12_IN-152,,
NLA12_IN-153,,
NLA12_IN-154,,
NLA12_IN-155,9/19/2012,8650
NLA12_IN-156,,
NLA12_IN-157,,
NLA12_IN-158,,
NLA12_IN-159,8/10/2012,7829
NLA12_IN-160,7/25/2012,7442
NLA12_IN-161,,
NLA12_IN-162,9/6/2012,8408
NLA12_IN-163,8/17/2012,8014
NLA12_IN-164,8/8/2012,7772
NLA12_IN-165,,
NLA12_IN-166,8/7/2012,7805
NLA12_IN-167,,
NLA12_IN-168,,
NLA12_IN-169,,
NLA12_IN-170,,
NLA12_IN-171,8/20/2012,8086
NLA12_IN-172,7/25/2012,7443
NLA12_IN-173,,
NLA12_IN-174,8/20/2012,8070
NLA12_IN-175,,
NLA12_IN-176,,
NLA12_IN-177,8/1/2012,7669
NLA12_IN-178,,
NLA12_IN-179,8/14/2012,7921
NLA12_IN-180,8/21/2012,8116
NLA12_IN-181,8/2/2012,7670
NLA12_IN-182,,
NLA12_IN-183,9/7/2012,8438
NLA12_IN-184,,
NLA12_IN-185,8/16/2012,7984
NLA12_IN-186,8/16/2012,8100
NLA12_IN-187,8/14/2012,7922
NLA12_IN-188,,
NLA12_IN-189,,
NLA12_IN-190,,
NLA12_IN-191,8/30/2012,8318
NLA12_IN-192,,
NLA12_IN-193,9/12/2012,8540
NLA12_IN-194,,
NLA12_IN-195,,
NLA12_IN-196,9/12/2012,8493
NLA12_IN-197,,
NLA12_IN-198,,
NLA12_IN-199,9/13/2012,8549
NLA12_IN-200,,
NLA12_IN-201,9/19/2012,8651
NLA12_IN-202,9/24/2012,8728
NLA12_KS-101,6/19/2012,6656
NLA12_KS-101,7/5/2012,6969
NLA12_KS-102,6/12/2012,6606
NLA12_KS-103,6/6/2012,6437
NLA12_KS-104,,
NLA12_KS-105,6/13/2012,6570
NLA12_KS-106,6/26/2012,6796
NLA12_KS-107,6/27/2012,6830
NLA12_KS-108,6/4/2012,6404
NLA12_KS-109,6/5/2012,6421
NLA12_KS-109,6/21/2012,6722
NLA12_KS-110,,
NLA12_KS-111,,
NLA12_KS-112,,
NLA12_KS-113,,
NLA12_KS-114,5/22/2012,6243
NLA12_KS-115,,
NLA12_KS-116,,
NLA12_KS-117,,
NLA12_KS-118,,
NLA12_KS-119,,
NLA12_KS-120,,
NLA12_KS-121,6/28/2012,6851
NLA12_KS-122,7/2/2012,6927
NLA12_KS-123,,
NLA12_KS-124,6/14/2012,6609
NLA12_KS-125,6/8/2012,6485
NLA12_KS-126,6/25/2012,6781
NLA12_KS-127,,
NLA12_KS-128,,
NLA12_KS-129,,
NLA12_KS-130,5/30/2012,6346
NLA12_KS-131,,
NLA12_KS-132,,
NLA12_KS-133,,
NLA12_KS-134,,
NLA12_KS-135,,
NLA12_KS-136,,
NLA12_KS-137,,
NLA12_KS-138,6/11/2012,6524
NLA12_KS-R02,6/7/2012,6456
NLA12_KS-R07,6/14/2012,6584
NLA12_KS-R08,6/13/2012,6564
NLA12_KS-R11,6/15/2012,6613
NLA12_KY-101,5/24/2012,6284
NLA12_KY-101,7/2/2012,6946
NLA12_KY-102,6/1/2012,6396
NLA12_KY-103,5/25/2012,6303
NLA12_KY-104,5/30/2012,6345
NLA12_KY-105,,
NLA12_KY-106,,
NLA12_KY-107,5/23/2012,6285
NLA12_KY-107,7/2/2012,6939
NLA12_KY-108,,
NLA12_KY-109,,
NLA12_KY-110,,
NLA12_KY-111,,
NLA12_KY-112,,
NLA12_KY-113,,
NLA12_KY-114,6/4/2012,6411
NLA12_KY-115,,
NLA12_KY-116,7/1/2012,6945
NLA12_KY-117,6/5/2012,6428
NLA12_KY-118,,
NLA12_KY-119,,
NLA12_KY-120,5/31/2012,6373
NLA12_KY-121,,
NLA12_KY-122,6/3/2012,6374
NLA12_LA-101,6/12/2012,6572
NLA12_LA-101,6/26/2012,6866
NLA12_LA-102,6/17/2012,6628
NLA12_LA-103,6/19/2012,6661
NLA12_LA-104,6/20/2012,6718
NLA12_LA-105,6/18/2012,6643
NLA12_LA-106,6/22/2012,6754
NLA12_LA-107,,
NLA12_LA-108,,
NLA12_LA-109,6/24/2012,6755
NLA12_LA-110,,
NLA12_LA-111,,
NLA12_LA-112,,
NLA12_LA-113,,
NLA12_LA-114,,
NLA12_LA-115,,
NLA12_LA-116,,
NLA12_LA-117,,
NLA12_LA-118,,
NLA12_LA-119,,
NLA12_LA-120,,
NLA12_LA-121,,
NLA12_LA-122,,
NLA12_LA-123,,
NLA12_LA-124,,
NLA12_LA-125,,
NLA12_LA-126,,
NLA12_LA-127,,
NLA12_LA-128,,
NLA12_LA-129,,
NLA12_LA-130,,
NLA12_LA-131,,
NLA12_LA-132,,
NLA12_LA-133,,
NLA12_LA-134,6/14/2012,6603
NLA12_LA-134,6/28/2012,6856
NLA12_LA-135,,
NLA12_LA-136,,
NLA12_LA-137,,
NLA12_LA-138,,
NLA12_LA-139,,
NLA12_LA-140,,
NLA12_LA-141,6/25/2012,6797
NLA12_LA-142,,
NLA12_LA-143,,
NLA12_LA-144,,
NLA12_LA-145,,
NLA12_LA-146,,
NLA12_LA-147,,
NLA12_LA-148,,
NLA12_LA-149,,
NLA12_LA-150,,
NLA12_LA-151,,
NLA12_LA-152,6/19/2012,6662
NLA12_LA-153,,
NLA12_LA-154,6/21/2012,6723
NLA12_LA-155,6/21/2012,6724
NLA12_LA-156,,
NLA12_LA-157,,
NLA12_LA-158,,
NLA12_LA-159,,
NLA12_LA-160,,
NLA12_LA-161,6/18/2012,6644
NLA12_LA-162,,
NLA12_LA-163,,
NLA12_LA-164,,
NLA12_LA-165,,
NLA12_LA-166,,
NLA12_LA-167,,
NLA12_LA-168,,
NLA12_LA-169,,
NLA12_LA-170,,
NLA12_LA-171,,
NLA12_LA-172,6/29/2012,6918
NLA12_MA-101,9/7/2012,8436
NLA12_MA-101,9/21/2012,8672
NLA12_MA-102,9/11/2012,8494
NLA12_MA-103,9/17/2012,8613
NLA12_MA-104,9/12/2012,8497
NLA12_MA-105,9/6/2012,8437
NLA12_MA-105,9/20/2012,8652
NLA12_MA-106,9/13/2012,8555
NLA12_MA-107,,
NLA12_MA-108,9/10/2012,8457
NLA12_MA-109,9/14/2012,8590
NLA12_MA-110,9/16/2012,8599
NLA12_MA-111,9/9/2012,8443
NLA12_MD-101,7/5/2012,6968
NLA12_MD-101,8/28/2012,8285
NLA12_MD-102,6/25/2012,6777
NLA12_MD-103,7/19/2012,7298
NLA12_MD-104,8/15/2012,7955
NLA12_MD-105,6/28/2012,6905
NLA12_MD-105,8/16/2012,7983
NLA12_MD-106,,
NLA12_MD-107,,
NLA12_MD-108,7/31/2012,7558
NLA12_MD-109,,
NLA12_MD-110,,
NLA12_MD-111,,
NLA12_MD-113,,
NLA12_MD-114,,
NLA12_MD-115,7/17/2012,7219
NLA12_MD-116,,
NLA12_MD-117,,
NLA12_MD-118,7/30/2012,7527
NLA12_ME-101,8/8/2012,7773
NLA12_ME-101,9/10/2012,8473
NLA12_ME-102,8/13/2012,7917
NLA12_ME-103,8/1/2012,7597
NLA12_ME-104,8/20/2012,8128
NLA12_ME-105,8/21/2012,8142
NLA12_ME-106,7/31/2012,7570
NLA12_ME-107,8/23/2012,8185
NLA12_ME-108,9/5/2012,8407
NLA12_ME-109,7/25/2012,7463
NLA12_ME-110,7/30/2012,7534
NLA12_ME-111,,
NLA12_ME-112,,
NLA12_ME-113,9/13/2012,8598
NLA12_ME-114,7/18/2012,7314
NLA12_ME-115,8/29/2012,8314
NLA12_ME-116,8/14/2012,7923
NLA12_ME-117,,
NLA12_ME-118,8/15/2012,8015
NLA12_ME-119,,
NLA12_ME-120,8/9/2012,7819
NLA12_ME-121,8/2/2012,7650
NLA12_ME-122,8/22/2012,8154
NLA12_ME-123,,
NLA12_ME-124,,
NLA12_ME-125,,
NLA12_ME-126,8/7/2012,7774
NLA12_ME-126,8/27/2012,8253
NLA12_ME-127,,
NLA12_ME-128,,
NLA12_ME-129,8/17/2012,8013
NLA12_ME-130,8/6/2012,7706
NLA12_ME-131,,
NLA12_ME-132,,
NLA12_ME-133,,
NLA12_ME-134,7/24/2012,7420
NLA12_ME-135,9/4/2012,8363
NLA12_ME-136,,
NLA12_ME-137,9/12/2012,8489
NLA12_ME-R02,7/20/2012,7390
NLA12_ME-R03,7/26/2012,7474
NLA12_ME-R06,7/24/2012,7430
NLA12_ME-R07,8/14/2012,7941
NLA12_ME-R08,7/21/2012,7389
NLA12_ME-R10,7/23/2012,7431
NLA12_ME-R11,7/19/2012,7297
NLA12_ME-R15,7/25/2012,7429
NLA12_MI-101,7/11/2012,7103
NLA12_MI-101,8/21/2012,1000164
NLA12_MI-102,7/24/2012,1000092
NLA12_MI-103,8/17/2012,1000162
NLA12_MI-104,7/17/2012,1000070
NLA12_MI-105,7/11/2012,1000056
NLA12_MI-106,8/16/2012,1000156
NLA12_MI-107,8/15/2012,1000153
NLA12_MI-108,7/16/2012,1000066
NLA12_MI-109,7/11/2012,1000052
NLA12_MI-110,7/25/2012,1000094
NLA12_MI-111,7/5/2012,7001
NLA12_MI-112,7/19/2012,1000080
NLA12_MI-113,8/22/2012,1000168
NLA12_MI-114,7/6/2012,7002
NLA12_MI-115,7/19/2012,1000081
NLA12_MI-116,8/7/2012,1000123
NLA12_MI-117,7/24/2012,1000091
NLA12_MI-118,7/31/2012,1000106
NLA12_MI-119,,
NLA12_MI-120,7/17/2012,1000072
NLA12_MI-121,,
NLA12_MI-122,8/14/2012,1000148
NLA12_MI-123,7/26/2012,1000098
NLA12_MI-124,7/10/2012,1000047
NLA12_MI-125,8/8/2012,7795
NLA12_MI-126,8/16/2012,1000157
NLA12_MI-127,,
NLA12_MI-128,7/18/2012,1000076
NLA12_MI-129,7/25/2012,1000096
NLA12_MI-130,8/17/2012,1000161
NLA12_MI-131,,
NLA12_MI-132,7/31/2012,1000105
NLA12_MI-133,8/15/2012,1000152
NLA12_MI-134,8/6/2012,1000143
NLA12_MI-135,7/6/2012,7004
NLA12_MI-136,7/12/2012,1000055
NLA12_MI-137,8/2/2012,1000117
NLA12_MI-138,8/14/2012,1000146
NLA12_MI-139,7/10/2012,1000046
NLA12_MI-139,8/22/2012,1000166
NLA12_MI-140,,
NLA12_MI-141,8/8/2012,1000132
NLA12_MI-142,8/21/2012,1000163
NLA12_MI-143,,
NLA12_MI-144,7/17/2012,7251
NLA12_MI-145,8/23/2012,1000172
NLA12_MI-146,8/6/2012,1000142
NLA12_MI-147,7/23/2012,1000199
NLA12_MI-148,8/1/2012,1000112
NLA12_MI-149,,
NLA12_MI-150,8/7/2012,7787
NLA12_MI-151,7/9/2012,1000043
NLA12_MI-152,7/18/2012,1000075
NLA12_MI-153,,
NLA12_MI-154,,
NLA12_MI-155,7/5/2012,7005
NLA12_MI-156,,
NLA12_MI-157,,
NLA12_MI-158,,
NLA12_MI-159,,
NLA12_MI-160,,
NLA12_MI-161,7/26/2012,1000099
NLA12_MI-162,7/30/2012,1000103
NLA12_MI-163,,
NLA12_MI-164,8/3/2012,1000120
NLA12_MI-165,7/27/2012,1000101
NLA12_MI-166,,
NLA12_MI-167,7/12/2012,1000058
NLA12_MI-168,7/19/2012,1000079
NLA12_MI-169,8/1/2012,1000111
NLA12_MI-170,,
NLA12_MI-171,,
NLA12_MI-172,8/23/2012,1000173
NLA12_MI-173,,
NLA12_MI-174,,
NLA12_MI-175,,
NLA12_MI-176,,
NLA12_MI-177,8/28/2012,1000186
NLA12_MI-178,8/29/2012,1000191
NLA12_MI-R08,6/20/2012,6680
NLA12_MI-R09,6/21/2012,6741
NLA12_MN-101,7/11/2012,7124
NLA12_MN-101,8/29/2012,8308
NLA12_MN-102,6/19/2012,6663
NLA12_MN-103,8/7/2012,7748
NLA12_MN-104,7/31/2012,7573
NLA12_MN-105,6/26/2012,6798
NLA12_MN-106,8/8/2012,7765
NLA12_MN-107,6/13/2012,6602
NLA12_MN-108,6/19/2012,6686
NLA12_MN-109,6/25/2012,6816
NLA12_MN-110,7/25/2012,7411
NLA12_MN-111,6/7/2012,6472
NLA12_MN-112,8/14/2012,7942
NLA12_MN-113,7/17/2012,7243
NLA12_MN-114,8/15/2012,7971
NLA12_MN-115,8/8/2012,7767
NLA12_MN-116,7/12/2012,7141
NLA12_MN-117,8/22/2012,8161
NLA12_MN-118,6/7/2012,6471
NLA12_MN-119,8/7/2012,7737
NLA12_MN-120,6/12/2012,6547
NLA12_MN-121,8/6/2012,7723
NLA12_MN-122,6/12/2012,6548
NLA12_MN-123,7/10/2012,7061
NLA12_MN-123,8/28/2012,8283
NLA12_MN-124,7/2/2012,7003
NLA12_MN-125,7/18/2012,7397
NLA12_MN-126,7/24/2012,7381
NLA12_MN-127,8/21/2012,8087
NLA12_MN-128,,
NLA12_MN-129,,
NLA12_MN-130,6/21/2012,6721
NLA12_MN-131,7/31/2012,7574
NLA12_MN-132,6/11/2012,6526
NLA12_MN-133,,
NLA12_MN-134,,
NLA12_MN-135,8/14/2012,7945
NLA12_MN-136,8/21/2012,8135
NLA12_MN-137,6/13/2012,6574
NLA12_MN-138,6/28/2012,6870
NLA12_MN-139,7/16/2012,7398
NLA12_MN-140,,
NLA12_MN-141,7/24/2012,7403
NLA12_MN-142,7/26/2012,7434
NLA12_MN-143,8/1/2012,7581
NLA12_MN-144,8/28/2012,8295
NLA12_MN-145,6/6/2012,6470
NLA12_MN-146,,
NLA12_MN-147,7/10/2012,7052
NLA12_MN-148,,
NLA12_MN-149,,
NLA12_MN-150,6/27/2012,6839
NLA12_MN-151,,
NLA12_MN-152,8/14/2012,7924
NLA12_MN-153,6/28/2012,6876
NLA12_MN-154,,
NLA12_MN-155,8/27/2012,8354
NLA12_MN-156,,
NLA12_MN-157,7/25/2012,7425
NLA12_MN-158,8/22/2012,8141
NLA12_MN-159,,
NLA12_MN-160,8/10/2012,7828
NLA12_MN-161,,
NLA12_MN-162,9/6/2012,8404
NLA12_MN-163,6/21/2012,6716
NLA12_MN-164,,
NLA12_MN-165,7/13/2012,8561
NLA12_MN-166,,
NLA12_MN-167,8/9/2012,7815
NLA12_MN-168,,
NLA12_MN-169,,
NLA12_MN-170,9/5/2012,8405
NLA12_MN-171,8/28/2012,8284
NLA12_MN-172,7/11/2012,8560
NLA12_MN-173,,
NLA12_MN-174,,
NLA12_MN-175,,
NLA12_MN-176,,
NLA12_MN-177,8/9/2012,7802
NLA12_MN-178,,
NLA12_MN-179,,
NLA12_MN-180,9/5/2012,8397
NLA12_MN-181,9/5/2012,8396
NLA12_MN-R01,7/24/2012,7432
NLA12_MN-R12,7/25/2012,7419
NLA12_MN-R13,7/26/2012,7464
NLA12_MN-R14,7/27/2012,7500
NLA12_MO-101,7/24/2012,7416
NLA12_MO-101,9/20/2012,8660
NLA12_MO-102,9/27/2012,8813
NLA12_MO-103,7/17/2012,7255
NLA12_MO-104,6/21/2012,6746
NLA12_MO-105,8/14/2012,7911
NLA12_MO-106,9/13/2012,8554
NLA12_MO-107,6/7/2012,6517
NLA12_MO-108,7/5/2012,6992
NLA12_MO-108,8/15/2012,7974
NLA12_MO-109,6/5/2012,6462
NLA12_MO-110,8/13/2012,7912
NLA12_MO-111,,
NLA12_MO-112,,
NLA12_MO-113,,
NLA12_MO-114,,
NLA12_MO-115,7/11/2012,7132
NLA12_MO-116,,
NLA12_MO-117,6/21/2012,6747
NLA12_MO-118,,
NLA12_MO-119,6/14/2012,6614
NLA12_MO-120,9/6/2012,8416
NLA12_MO-121,,
NLA12_MO-122,8/29/2012,8289
NLA12_MO-123,8/21/2012,8118
NLA12_MO-124,,
NLA12_MO-125,,
NLA12_MO-126,8/28/2012,8290
NLA12_MO-R01,7/11/2012,7086
NLA12_MO-R02,7/10/2012,7042
NLA12_MS-101,6/9/2012,6534
NLA12_MS-101,7/27/2012,7501
NLA12_MS-102,6/10/2012,6535
NLA12_MS-103,7/23/2012,7372
NLA12_MS-104,6/8/2012,6536
NLA12_MS-105,7/25/2012,7433
NLA12_MS-106,6/2/2012,6415
NLA12_MS-107,6/4/2012,6414
NLA12_MS-108,,
NLA12_MS-109,,
NLA12_MS-110,,
NLA12_MS-111,,
NLA12_MS-112,7/29/2012,7503
NLA12_MS-113,7/31/2012,7571
NLA12_MS-114,,
NLA12_MS-115,,
NLA12_MS-116,6/5/2012,1000001
NLA12_MS-116,8/1/2012,7620
NLA12_MS-117,,
NLA12_MS-118,,
NLA12_MS-119,6/7/2012,1000011
NLA12_MS-120,,
NLA12_MS-121,,
NLA12_MS-122,,
NLA12_MS-123,,
NLA12_MS-124,,
NLA12_MS-125,7/28/2012,7504
NLA12_MS-126,7/24/2012,7404
NLA12_MS-127,,
NLA12_MS-128,7/30/2012,7535
NLA12_MS-R03,6/6/2012,1000010
NLA12_MT-101,,
NLA12_MT-102,8/20/2012,8069
NLA12_MT-102,9/10/2012,8472
NLA12_MT-103,8/29/2012,8302
NLA12_MT-104,6/12/2012,6542
NLA12_MT-105,9/11/2012,8476
NLA12_MT-106,7/20/2012,7321
NLA12_MT-107,7/9/2012,7022
NLA12_MT-108,7/11/2012,7133
NLA12_MT-109,6/19/2012,6664
NLA12_MT-110,8/1/2012,7623
NLA12_MT-111,9/12/2012,8486
NLA12_MT-112,,
NLA12_MT-113,6/5/2012,6427
NLA12_MT-114,,
NLA12_MT-115,,
NLA12_MT-116,,
NLA12_MT-117,,
NLA12_MT-118,6/20/2012,6696
NLA12_MT-119,8/30/2012,8328
NLA12_MT-120,8/22/2012,8155
NLA12_MT-121,,
NLA12_MT-122,,
NLA12_MT-123,,
NLA12_MT-124,8/6/2012,7713
NLA12_MT-125,,
NLA12_MT-126,6/26/2012,6799
NLA12_MT-127,,
NLA12_MT-128,,
NLA12_MT-129,,
NLA12_MT-130,,
NLA12_MT-131,,
NLA12_MT-132,,
NLA12_MT-133,,
NLA12_MT-134,,
NLA12_MT-135,8/28/2012,8278
NLA12_MT-136,8/21/2012,8130
NLA12_MT-137,,
NLA12_MT-138,6/21/2012,6742
NLA12_MT-139,,
NLA12_MT-140,8/14/2012,7925
NLA12_MT-141,,
NLA12_MT-142,6/28/2012,6888
NLA12_MT-143,7/10/2012,7065
NLA12_MT-144,8/16/2012,8008
NLA12_MT-145,,
NLA12_MT-146,,
NLA12_MT-147,,
NLA12_MT-148,,
NLA12_MT-149,,
NLA12_MT-150,,
NLA12_MT-151,8/27/2012,8250
NLA12_MT-152,7/31/2012,7625
NLA12_MT-153,,
NLA12_MT-154,6/27/2012,6821
NLA12_MT-155,,
NLA12_MT-156,7/26/2012,7472
NLA12_MT-157,,
NLA12_MT-158,,
NLA12_MT-159,,
NLA12_MT-160,7/26/2012,7471
NLA12_MT-161,9/5/2012,8385
NLA12_MT-162,9/18/2012,8641
NLA12_MT-163,,
NLA12_MT-164,8/23/2012,8200
NLA12_MT-164,9/13/2012,8543
NLA12_MT-165,,
NLA12_MT-166,,
NLA12_MT-167,,
NLA12_MT-168,,
NLA12_MT-169,,
NLA12_MT-170,,
NLA12_MT-171,,
NLA12_MT-172,,
NLA12_MT-173,,
NLA12_MT-174,,
NLA12_MT-175,,
NLA12_MT-176,,
NLA12_MT-177,9/6/2012,8435
NLA12_NC-101,6/3/2012,6399
NLA12_NC-101,8/17/2012,8045
NLA12_NC-102,,
NLA12_NC-103,6/7/2012,6504
NLA12_NC-104,8/8/2012,7770
NLA12_NC-105,5/30/2012,6359
NLA12_NC-106,,
NLA12_NC-107,5/23/2012,6286
NLA12_NC-108,6/2/2012,6400
NLA12_NC-109,6/4/2012,6398
NLA12_NC-110,,
NLA12_NC-111,,
NLA12_NC-112,,
NLA12_NC-113,,
NLA12_NC-114,8/20/2012,8123
NLA12_NC-115,8/11/2012,7846
NLA12_NC-116,6/6/2012,6469
NLA12_NC-116,8/18/2012,8044
NLA12_NC-117,,
NLA12_NC-118,,
NLA12_NC-119,,
NLA12_NC-120,,
NLA12_NC-121,,
NLA12_NC-122,,
NLA12_NC-123,,
NLA12_NC-124,8/10/2012,7845
NLA12_NC-125,,
NLA12_NC-126,,
NLA12_NC-127,8/9/2012,7816
NLA12_NC-128,,
NLA12_NC-129,,
NLA12_NC-130,,
NLA12_NC-131,,
NLA12_NC-132,,
NLA12_NC-133,,
NLA12_NC-134,8/22/2012,8171
NLA12_ND-101,5/30/2012,6344
NLA12_ND-101,7/9/2012,7039
NLA12_ND-102,6/27/2012,6841
NLA12_ND-103,7/30/2012,7518
NLA12_ND-104,6/7/2012,6475
NLA12_ND-105,8/22/2012,8156
NLA12_ND-106,7/5/2012,6981
NLA12_ND-107,7/10/2012,7068
NLA12_ND-108,6/18/2012,6645
NLA12_ND-109,7/24/2012,7384
NLA12_ND-110,6/13/2012,6566
NLA12_ND-111,,
NLA12_ND-112,5/15/2012,6217
NLA12_ND-113,8/20/2012,8127
NLA12_ND-114,7/23/2012,7350
NLA12_ND-115,5/16/2012,6189
NLA12_ND-115,6/25/2012,6774
NLA12_ND-116,,
NLA12_ND-117,6/27/2012,6855
NLA12_ND-118,6/7/2012,6476
NLA12_ND-119,6/28/2012,6852
NLA12_ND-120,,
NLA12_ND-121,7/10/2012,7212
NLA12_ND-122,,
NLA12_ND-123,,
NLA12_ND-124,,
NLA12_ND-125,,
NLA12_ND-126,6/19/2012,6654
NLA12_ND-127,,
NLA12_ND-128,,
NLA12_ND-129,7/27/2012,7482
NLA12_ND-130,,
NLA12_ND-131,8/6/2012,7707
NLA12_ND-132,,
NLA12_ND-133,,
NLA12_ND-134,7/10/2012,7067
NLA12_ND-135,,
NLA12_ND-136,,
NLA12_ND-137,,
NLA12_ND-138,,
NLA12_ND-139,6/12/2012,6538
NLA12_ND-140,,
NLA12_ND-141,,
NLA12_ND-142,,
NLA12_ND-143,,
NLA12_ND-144,,
NLA12_ND-145,8/6/2012,7701
NLA12_ND-146,6/12/2012,6546
NLA12_ND-147,,
NLA12_ND-148,,
NLA12_ND-149,7/25/2012,7417
NLA12_ND-150,,
NLA12_ND-151,6/20/2012,6697
NLA12_ND-152,,
NLA12_ND-153,,
NLA12_ND-154,,
NLA12_ND-155,6/20/2012,6693
NLA12_ND-156,8/13/2012,7858
NLA12_ND-157,,
NLA12_ND-158,,
NLA12_ND-159,,
NLA12_ND-160,7/31/2012,7543
NLA12_ND-161,,
NLA12_ND-162,6/13/2012,6577
NLA12_ND-163,6/14/2012,6599
NLA12_ND-164,7/25/2012,7418
NLA12_ND-165,,
NLA12_ND-166,,
NLA12_ND-167,6/28/2012,6853
NLA12_ND-168,,
NLA12_ND-169,,
NLA12_ND-170,,
NLA12_ND-171,,
NLA12_ND-172,7/30/2012,7526
NLA12_ND-173,6/21/2012,6717
NLA12_ND-174,,
NLA12_ND-175,,
NLA12_ND-176,,
NLA12_ND-177,,
NLA12_ND-178,6/14/2012,6594
NLA12_ND-179,,
NLA12_ND-180,,
NLA12_ND-181,,
NLA12_ND-182,,
NLA12_ND-183,,
NLA12_ND-184,,
NLA12_ND-185,,
NLA12_ND-186,6/18/2012,6636
NLA12_ND-187,6/26/2012,6865
NLA12_ND-188,,
NLA12_ND-189,,
NLA12_ND-190,8/2/2012,7649
NLA12_ND-191,,
NLA12_ND-192,,
NLA12_ND-193,7/26/2012,7449
NLA12_ND-194,7/31/2012,7559
NLA12_ND-195,,
NLA12_ND-196,7/5/2012,6964
NLA12_ND-197,,
NLA12_ND-198,8/1/2012,7645
NLA12_ND-199,8/22/2012,8150
NLA12_ND-200,,
NLA12_ND-201,,
NLA12_ND-202,8/2/2012,7644
NLA12_ND-R17,9/20/2012,8661
NLA12_ND-R18,9/20/2012,8662
NLA12_NE-101,7/22/2012,7344
NLA12_NE-101,8/26/2012,8229
NLA12_NE-102,8/18/2012,8067
NLA12_NE-103,7/19/2012,1000085
NLA12_NE-104,7/23/2012,1000088
NLA12_NE-105,8/17/2012,8028
NLA12_NE-106,7/23/2012,7369
NLA12_NE-107,8/8/2012,7775
NLA12_NE-108,8/17/2012,8029
NLA12_NE-109,7/20/2012,1000084
NLA12_NE-110,7/24/2012,7405
NLA12_NE-111,8/10/2012,7830
NLA12_NE-112,8/12/2012,7840
NLA12_NE-113,8/19/2012,8066
NLA12_NE-114,7/22/2012,1000086
NLA12_NE-115,,
NLA12_NE-116,8/22/2012,1000175
NLA12_NE-117,,
NLA12_NE-118,,
NLA12_NE-119,8/9/2012,1000140
NLA12_NE-120,8/20/2012,1000177
NLA12_NE-121,8/15/2012,7960
NLA12_NE-122,,
NLA12_NE-123,,
NLA12_NE-124,,
NLA12_NE-125,8/14/2012,7926
NLA12_NE-126,,
NLA12_NE-127,8/22/2012,8159
NLA12_NE-128,,
NLA12_NE-129,7/25/2012,7435
NLA12_NE-129,8/28/2012,8279
NLA12_NE-130,,
NLA12_NE-131,,
NLA12_NE-132,,
NLA12_NE-133,7/24/2012,1000093
NLA12_NE-134,,
NLA12_NE-135,8/21/2012,8124
NLA12_NE-136,8/20/2012,1000176
NLA12_NE-137,,
NLA12_NE-138,,
NLA12_NE-139,,
NLA12_NE-140,8/23/2012,1000174
NLA12_NE-141,,
NLA12_NE-142,,
NLA12_NE-143,,
NLA12_NE-144,8/13/2012,1000145
NLA12_NE-145,,
NLA12_NE-146,,
NLA12_NE-147,,
NLA12_NE-148,,
NLA12_NE-149,8/24/2012,8243
NLA12_NE-150,,
NLA12_NE-151,,
NLA12_NE-152,,
NLA12_NE-153,,
NLA12_NE-154,8/26/2012,8220
NLA12_NE-155,,
NLA12_NE-156,8/24/2012,8221
NLA12_NE-157,8/29/2012,8301
NLA12_NE-158,8/30/2012,8326
NLA12_NE-159,,
NLA12_NE-160,8/23/2012,8186
NLA12_NE-161,,
NLA12_NE-162,,
NLA12_NE-163,,
NLA12_NE-164,,
NLA12_NE-165,,
NLA12_NE-166,8/25/2012,8242
NLA12_NE-167,,
NLA12_NE-168,,
NLA12_NE-169,,
NLA12_NE-170,8/27/2012,8248
NLA12_NH-101,6/19/2012,6670
NLA12_NH-101,7/24/2012,7380
NLA12_NH-102,7/11/2012,7104
NLA12_NH-103,6/28/2012,6858
NLA12_NH-104,6/14/2012,6601
NLA12_NH-105,6/26/2012,6812
NLA12_NH-106,,
NLA12_NH-107,7/31/2012,7544
NLA12_NH-108,6/12/2012,6549
NLA12_NH-109,7/19/2012,7295
NLA12_NH-110,,
NLA12_NH-111,7/17/2012,7231
NLA12_NH-112,6/21/2012,6715
NLA12_NH-112,7/26/2012,7441
NLA12_NH-113,8/7/2012,1000128
NLA12_NH-114,8/7/2012,1000129
NLA12_NH-115,8/7/2012,1000130
NLA12_NH-R04,6/18/2012,6690
NLA12_NJ-101,7/13/2012,7210
NLA12_NJ-101,9/19/2012,8659
NLA12_NJ-102,7/12/2012,7151
NLA12_NJ-103,9/21/2012,8676
NLA12_NJ-104,7/15/2012,7209
NLA12_NJ-105,9/13/2012,8545
NLA12_NJ-106,9/14/2012,8591
NLA12_NJ-107,6/26/2012,6800
NLA12_NJ-108,9/25/2012,8761
NLA12_NJ-118,7/10/2012,7058
NLA12_NJ-119,7/11/2012,7152
NLA12_NJ-131,7/9/2012,7043
NLA12_NJ-131,9/18/2012,8640
NLA12_NJ-R01,9/20/2012,8675
NLA12_NM-101,,
NLA12_NM-102,5/31/2012,6708
NLA12_NM-103,,
NLA12_NM-104,6/1/2012,6372
NLA12_NM-104,8/15/2012,8052
NLA12_NM-105,5/30/2012,6361
NLA12_NM-106,,
NLA12_NM-107,,
NLA12_NM-108,,
NLA12_NM-109,,
NLA12_NM-110,,
NLA12_NM-111,,
NLA12_NM-112,,
NLA12_NM-113,,
NLA12_NM-114,,
NLA12_NM-115,,
NLA12_NM-116,,
NLA12_NM-117,6/3/2012,6403
NLA12_NM-117,8/19/2012,8073
NLA12_NM-118,,
NLA12_NM-119,,
NLA12_NM-120,,
NLA12_NM-121,,
NLA12_NM-122,,
NLA12_NM-123,,
NLA12_NM-124,,
NLA12_NM-125,,
NLA12_NM-126,,
NLA12_NM-127,,
NLA12_NM-128,,
NLA12_NM-129,6/10/2012,6507
NLA12_NM-130,,
NLA12_NM-131,,
NLA12_NM-132,5/28/2012,6319
NLA12_NM-133,6/4/2012,6412
NLA12_NM-134,6/7/2012,6500
NLA12_NM-135,,
NLA12_NM-136,,
NLA12_NM-137,,
NLA12_NM-138,6/8/2012,6501
NLA12_NM-139,,
NLA12_NM-140,,
NLA12_NM-141,,
NLA12_NM-142,,
NLA12_NM-143,,
NLA12_NM-144,,
NLA12_NM-145,,
NLA12_NM-146,,
NLA12_NM-147,,
NLA12_NM-148,,
NLA12_NM-149,,
NLA12_NM-150,6/6/2012,6477
NLA12_NM-151,,
NLA12_NM-152,5/29/2012,6341
NLA12_NM-153,,
NLA12_NM-154,,
NLA12_NM-155,,
NLA12_NM-156,,
NLA12_NM-157,6/12/2012,6709
NLA12_NM-158,,
NLA12_NM-159,,
NLA12_NM-160,6/11/2012,6532
NLA12_NM-161,8/16/2012,8048
NLA12_NM-162,8/17/2012,8053
NLA12_NV-101,6/6/2012,6482
NLA12_NV-101,7/17/2012,7278
NLA12_NV-102,6/20/2012,6720
NLA12_NV-103,6/19/2012,6719
NLA12_NV-104,7/12/2012,7137
NLA12_NV-105,7/11/2012,7135
NLA12_NV-106,6/7/2012,6481
NLA12_NV-107,,
NLA12_NV-108,,
NLA12_NV-109,6/27/2012,6829
NLA12_NV-110,,
NLA12_NV-111,,
NLA12_NV-112,,
NLA12_NV-113,6/7/2012,9022
NLA12_NV-114,,
NLA12_NV-115,,
NLA12_NV-116,,
NLA12_NV-117,,
NLA12_NV-118,,
NLA12_NV-119,7/10/2012,7136
NLA12_NV-119,7/18/2012,7277
NLA12_NV-120,,
NLA12_NV-121,,
NLA12_NV-122,,
NLA12_NV-123,,
NLA12_NV-124,,
NLA12_NV-125,,
NLA12_NV-126,,
NLA12_NV-127,6/12/2012,6617
NLA12_NV-128,,
NLA12_NV-129,,
NLA12_NV-131,,
NLA12_NV-133,,
NLA12_NV-134,,
NLA12_NV-135,6/13/2012,9021
NLA12_NV-136,,
NLA12_NV-137,7/16/2012,7276
NLA12_NV-138,,
NLA12_NV-139,,
NLA12_NV-140,,
NLA12_NV-141,6/25/2012,6775
NLA12_NV-142,,
NLA12_NV-143,,
NLA12_NV-144,7/19/2012,7306
NLA12_NV-145,,
NLA12_NV-146,,
NLA12_NV-147,,
NLA12_NV-148,,
NLA12_NV-149,,
NLA12_NV-150,,
NLA12_NV-151,6/13/2012,9023
NLA12_NV-152,,
NLA12_NV-153,,
NLA12_NV-154,,
NLA12_NV-155,,
NLA12_NV-156,,
NLA12_NV-157,,
NLA12_NV-158,,
NLA12_NV-159,,
NLA12_NV-160,,
NLA12_NV-161,,
NLA12_NV-162,,
NLA12_NV-163,,
NLA12_NV-164,,
NLA12_NV-165,,
NLA12_NV-166,,
NLA12_NV-167,6/14/2012,6618
NLA12_NV-168,,
NLA12_NV-169,,
NLA12_NV-170,,
NLA12_NV-171,,
NLA12_NV-172,,
NLA12_NV-173,,
NLA12_NV-174,,
NLA12_NV-175,,
NLA12_NV-176,,
NLA12_NV-177,7/17/2012,7275
NLA12_NV-178,,
NLA12_NV-179,,
NLA12_NV-180,,
NLA12_NV-181,,
NLA12_NV-182,,
NLA12_NV-183,,
NLA12_NV-184,,
NLA12_NV-185,,
NLA12_NV-186,,
NLA12_NV-187,,
NLA12_NV-188,,
NLA12_NV-189,,
NLA12_NV-190,,
NLA12_NV-191,,
NLA12_NV-192,,
NLA12_NV-193,6/26/2012,6793
NLA12_NV-R01,7/25/2012,7465
NLA12_NY-0101,6/20/2012,6694
NLA12_NY-0101,9/13/2012,8546
NLA12_NY-0102,6/27/2012,6834
NLA12_NY-0103,9/19/2012,8647
NLA12_NY-0104,6/13/2012,6576
NLA12_NY-0104,8/15/2012,7954
NLA12_NY-0105,,
NLA12_NY-0106,7/12/2012,7190
NLA12_NY-0107,9/1/2012,8671
NLA12_NY-0108,7/27/2012,7490
NLA12_NY-0109,7/18/2012,7266
NLA12_NY-0110,7/15/2012,7206
NLA12_NY-0111,7/16/2012,7284
NLA12_NY-0112,9/14/2012,8597
NLA12_NY-R02,7/11/2012,7174
NLA12_NY-R03,7/24/2012,7422
NLA12_NY-R04,7/20/2012,7339
NLA12_NY-R06,7/25/2012,7421
NLA12_NY-R07,7/22/2012,7377
NLA12_NY-R08,7/17/2012,7287
NLA12_NY-R11,7/19/2012,7340
NLA12_OH-101,8/16/2012,8023
NLA12_OH-101,9/5/2012,8387
NLA12_OH-102,7/31/2012,7572
NLA12_OH-103,7/2/2012,6923
NLA12_OH-104,8/22/2012,8151
NLA12_OH-105,9/18/2012,8635
NLA12_OH-106,8/27/2012,8256
NLA12_OH-107,8/20/2012,8075
NLA12_OH-108,,
NLA12_OH-109,,
NLA12_OH-110,,
NLA12_OH-111,,
NLA12_OH-112,9/6/2012,8423
NLA12_OH-113,9/19/2012,8642
NLA12_OH-114,,
NLA12_OH-115,8/23/2012,8207
NLA12_OH-116,,
NLA12_OH-117,,
NLA12_OH-118,7/17/2012,7232
NLA12_OH-118,8/21/2012,8169
NLA12_OH-119,,
NLA12_OH-120,,
NLA12_OH-121,,
NLA12_OH-122,9/13/2012,8487
NLA12_OH-123,,
NLA12_OH-124,,
NLA12_OH-125,,
NLA12_OH-126,,
NLA12_OH-127,7/19/2012,7294
NLA12_OH-128,,
NLA12_OH-129,,
NLA12_OH-130,,
NLA12_OH-131,,
NLA12_OH-132,,
NLA12_OH-133,,
NLA12_OH-134,8/2/2012,7652
NLA12_OH-135,,
NLA12_OH-136,7/11/2012,7105
NLA12_OH-137,8/2/2012,7637
NLA12_OH-R02,7/30/2012,7528
NLA12_OH-R03,9/5/2012,8403
NLA12_OK-101,6/12/2012,6550
NLA12_OK-101,9/11/2012,8482
NLA12_OK-102,9/4/2012,8462
NLA12_OK-103,7/2/2012,6919
NLA12_OK-104,6/19/2012,6669
NLA12_OK-105,7/9/2012,7023
NLA12_OK-106,7/9/2012,7028
NLA12_OK-107,8/14/2012,7959
NLA12_OK-108,6/11/2012,6555
NLA12_OK-109,6/20/2012,6695
NLA12_OK-116,,
NLA12_OK-117,7/10/2012,7059
NLA12_OK-118,5/23/2012,6270
NLA12_OK-119,7/24/2012,7402
NLA12_OK-120,6/19/2012,6668
NLA12_OK-121,6/11/2012,6525
NLA12_OK-122,5/21/2012,6236
NLA12_OK-132,8/7/2012,7739
NLA12_OK-133,9/4/2012,8358
NLA12_OK-134,6/18/2012,6646
NLA12_OK-135,6/11/2012,6556
NLA12_OK-284,,
NLA12_OK-285,9/10/2012,8463
NLA12_OK-286,9/5/2012,8393
NLA12_OK-287,,
NLA12_OK-288,8/1/2012,7598
NLA12_OK-289,,
NLA12_OK-290,,
NLA12_OK-291,6/12/2012,6551
NLA12_OK-292,8/8/2012,7764
NLA12_OK-293,5/29/2012,6318
NLA12_OK-294,,
NLA12_OK-295,,
NLA12_OK-296,7/16/2012,7286
NLA12_OK-297,,
NLA12_OK-298,,
NLA12_OK-299,7/18/2012,7262
NLA12_OK-299,9/12/2012,8503
NLA12_OK-300,,
NLA12_OK-301,,
NLA12_OK-302,7/11/2012,7106
NLA12_OK-303,,
NLA12_OK-304,,
NLA12_OK-305,,
NLA12_OK-306,7/23/2012,7364
NLA12_OK-307,,
NLA12_OK-308,,
NLA12_OK-309,,
NLA12_OK-310,,
NLA12_OK-311,9/11/2012,8481
NLA12_OK-R01,5/22/2012,6249
NLA12_OK-R09,5/23/2012,6302
NLA12_OR-101,6/26/2012,1000021
NLA12_OR-102,8/9/2012,7810
NLA12_OR-103,8/22/2012,8165
NLA12_OR-103,9/12/2012,8514
NLA12_OR-104,7/9/2012,7027
NLA12_OR-105,8/6/2012,7719
NLA12_OR-106,7/10/2012,1000049
NLA12_OR-107,8/1/2012,7615
NLA12_OR-108,,
NLA12_OR-109,8/13/2012,7918
NLA12_OR-110,6/18/2012,6667
NLA12_OR-111,6/27/2012,6843
NLA12_OR-112,8/8/2012,7776
NLA12_OR-113,7/16/2012,7207
NLA12_OR-114,,
NLA12_OR-115,,
NLA12_OR-116,,
NLA12_OR-117,,
NLA12_OR-118,,
NLA12_OR-119,,
NLA12_OR-120,,
NLA12_OR-121,8/20/2012,8074
NLA12_OR-121,9/13/2012,8542
NLA12_OR-122,,
NLA12_OR-123,7/17/2012,7226
NLA12_OR-124,,
NLA12_OR-125,,
NLA12_OR-126,9/10/2012,8478
NLA12_OR-127,,
NLA12_OR-128,8/14/2012,7949
NLA12_OR-129,7/30/2012,7560
NLA12_OR-130,,
NLA12_OR-131,6/21/2012,1000017
NLA12_OR-132,,
NLA12_OR-133,6/20/2012,1000016
NLA12_OR-134,,
NLA12_OR-135,,
NLA12_OR-136,,
NLA12_OR-137,,
NLA12_OR-138,,
NLA12_OR-139,,
NLA12_OR-140,,
NLA12_OR-141,,
NLA12_OR-142,,
NLA12_OR-143,,
NLA12_OR-144,8/15/2012,7995
NLA12_OR-145,7/31/2012,7622
NLA12_OR-146,,
NLA12_OR-147,,
NLA12_OR-148,,
NLA12_OR-149,,
NLA12_OR-150,,
NLA12_OR-151,,
NLA12_OR-152,,
NLA12_OR-153,,
NLA12_OR-154,8/7/2012,7747
NLA12_OR-155,7/18/2012,7250
NLA12_OR-156,,
NLA12_OR-157,,
NLA12_OR-158,9/18/2012,8634
NLA12_OR-159,,
NLA12_OR-160,8/21/2012,8164
NLA12_OR-161,,
NLA12_OR-162,,
NLA12_OR-163,9/17/2012,8633
NLA12_OR-164,,
NLA12_OR-165,,
NLA12_OR-166,,
NLA12_OR-167,9/19/2012,1000211
NLA12_OR-168,,
NLA12_OR-169,7/11/2012,7100
NLA12_OR-170,,
NLA12_OR-171,,
NLA12_OR-172,,
NLA12_OR-173,9/11/2012,8479
NLA12_PA-101,6/12/2012,6537
NLA12_PA-101,9/12/2012,8507
NLA12_PA-102,9/5/2012,6252
NLA12_PA-103,8/28/2012,8324
NLA12_PA-104,,
NLA12_PA-105,7/10/2012,7113
NLA12_PA-106,7/31/2012,7596
NLA12_PA-107,6/6/2012,6451
NLA12_PA-108,5/30/2012,6347
NLA12_PA-108,8/8/2012,7803
NLA12_PA-109,6/26/2012,6833
NLA12_PA-110,7/11/2012,7122
NLA12_PA-111,8/23/2012,8201
NLA12_PA-112,,
NLA12_PA-113,8/15/2012,7982
NLA12_PA-114,7/18/2012,7269
NLA12_PA-115,8/22/2012,8202
NLA12_PA-116,,
NLA12_PA-117,8/1/2012,7595
NLA12_PA-118,6/27/2012,6832
NLA12_PA-119,9/6/2012,8422
NLA12_PA-R10,7/23/2012,7360
NLA12_PA-R11,7/24/2012,7361
NLA12_RI-101,,
NLA12_RI-102,7/2/2012,6929
NLA12_RI-102,7/25/2012,7466
NLA12_RI-103,7/17/2012,7233
NLA12_RI-104,6/27/2012,6831
NLA12_RI-105,,
NLA12_RI-106,,
NLA12_RI-107,,
NLA12_RI-108,7/18/2012,7264
NLA12_RI-109,,
NLA12_RI-110,7/10/2012,7092
NLA12_RI-111,7/5/2012,6967
NLA12_RI-111,7/19/2012,7305
NLA12_RI-112,7/11/2012,7138
NLA12_RI-113,7/12/2012,7149
NLA12_SC-101,,
NLA12_SC-102,8/14/2012,7927
NLA12_SC-103,6/5/2012,6444
NLA12_SC-103,8/21/2012,8125
NLA12_SC-104,5/25/2012,6320
NLA12_SC-104,8/16/2012,8011
NLA12_SC-105,5/27/2012,6321
NLA12_SC-106,6/1/2012,6397
NLA12_SC-107,,
NLA12_SC-108,5/28/2012,6326
NLA12_SC-109,,
NLA12_SC-110,,
NLA12_SC-111,,
NLA12_SC-112,5/26/2012,6325
NLA12_SC-112,8/12/2012,7844
NLA12_SC-113,,
NLA12_SC-114,,
NLA12_SC-115,,
NLA12_SC-116,,
NLA12_SC-117,,
NLA12_SC-118,8/13/2012,7862
NLA12_SC-119,,
NLA12_SC-120,,
NLA12_SC-121,,
NLA12_SC-122,,
NLA12_SC-123,,
NLA12_SC-124,,
NLA12_SC-125,,
NLA12_SC-126,,
NLA12_SC-127,8/15/2012,8000
NLA12_SD-101,5/31/2012,6362
NLA12_SD-101,8/16/2012,7990
NLA12_SD-102,6/28/2012,6871
NLA12_SD-103,8/28/2012,8266
NLA12_SD-104,6/6/2012,6445
NLA12_SD-105,7/18/2012,7267
NLA12_SD-106,6/26/2012,6804
NLA12_SD-107,7/30/2012,7536
NLA12_SD-108,7/17/2012,7238
NLA12_SD-109,8/20/2012,8071
NLA12_SD-110,6/27/2012,6808
NLA12_SD-111,7/12/2012,7150
NLA12_SD-112,,
NLA12_SD-113,,
NLA12_SD-114,6/12/2012,6543
NLA12_SD-115,6/12/2012,6544
NLA12_SD-115,8/14/2012,7940
NLA12_SD-116,,
NLA12_SD-117,,
NLA12_SD-118,,
NLA12_SD-119,7/31/2012,7552
NLA12_SD-120,,
NLA12_SD-121,,
NLA12_SD-122,6/6/2012,6446
NLA12_SD-123,,
NLA12_SD-124,6/19/2012,6684
NLA12_SD-125,,
NLA12_SD-126,7/10/2012,7062
NLA12_SD-127,,
NLA12_SD-128,,
NLA12_SD-129,,
NLA12_SD-130,6/5/2012,6417
NLA12_SD-131,8/13/2012,7856
NLA12_SD-132,7/26/2012,7460
NLA12_SD-133,7/23/2012,7357
NLA12_SD-134,7/16/2012,7199
NLA12_SD-135,,
NLA12_SD-136,,
NLA12_SD-137,8/7/2012,7730
NLA12_SD-138,6/4/2012,6402
NLA12_SD-139,,
NLA12_SD-140,6/19/2012,6685
NLA12_SD-141,8/28/2012,8276
NLA12_SD-142,,
NLA12_SD-143,8/16/2012,8010
NLA12_SD-144,,
NLA12_SD-145,,
NLA12_SD-146,9/18/2012,8625
NLA12_SD-147,8/6/2012,7714
NLA12_SD-148,,
NLA12_SD-149,,
NLA12_SD-150,8/28/2012,8275
NLA12_SD-151,,
NLA12_SD-152,,
NLA12_SD-153,,
NLA12_SD-154,8/22/2012,8176
NLA12_SD-155,,
NLA12_SD-156,,
NLA12_SD-157,8/27/2012,8245
NLA12_SD-158,7/11/2012,7107
NLA12_SD-159,,
NLA12_SD-160,,
NLA12_SD-161,,
NLA12_SD-162,8/27/2012,8249
NLA12_SD-163,,
NLA12_SD-164,,
NLA12_SD-165,7/26/2012,7451
NLA12_SD-166,6/4/2012,6440
NLA12_SD-167,,
NLA12_SD-168,6/18/2012,6634
NLA12_SD-169,,
NLA12_SD-170,8/21/2012,8126
NLA12_SD-171,,
NLA12_SD-172,6/20/2012,6683
NLA12_SD-173,,
NLA12_SD-174,,
NLA12_SD-175,,
NLA12_SD-176,,
NLA12_SD-177,,
NLA12_SD-178,,
NLA12_SD-179,,
NLA12_SD-180,,
NLA12_SD-181,,
NLA12_SD-182,6/5/2012,6422
NLA12_SD-183,7/5/2012,6963
NLA12_SD-184,,
NLA12_SD-185,,
NLA12_SD-186,,
NLA12_SD-187,,
NLA12_SD-188,,
NLA12_SD-189,7/25/2012,7414
NLA12_SD-190,,
NLA12_SD-191,,
NLA12_SD-192,,
NLA12_SD-193,,
NLA12_SD-194,,
NLA12_SD-195,,
NLA12_SD-196,,
NLA12_SD-197,,
NLA12_SD-198,8/29/2012,8311
NLA12_SD-199,,
NLA12_SD-200,,
NLA12_SD-201,,
NLA12_SD-202,,
NLA12_SD-203,,
NLA12_SD-204,,
NLA12_SD-205,,
NLA12_SD-206,,
NLA12_SD-207,,
NLA12_SD-208,,
NLA12_SD-209,,
NLA12_SD-210,,
NLA12_SD-211,,
NLA12_SD-212,7/27/2012,7512
NLA12_TN-101,5/30/2012,6393
NLA12_TN-101,9/18/2012,8626
NLA12_TN-102,,
NLA12_TN-103,9/17/2012,8614
NLA12_TN-104,9/21/2012,8663
NLA12_TN-105,,
NLA12_TN-106,9/12/2012,8502
NLA12_TN-107,,
NLA12_TN-108,5/29/2012,6395
NLA12_TN-108,9/15/2012,8602
NLA12_TN-109,,
NLA12_TN-110,,
NLA12_TN-111,,
NLA12_TN-112,,
NLA12_TN-113,6/1/2012,6394
NLA12_TN-114,5/31/2012,6381
NLA12_TN-114,9/14/2012,8601
NLA12_TN-115,,
NLA12_TN-116,,
NLA12_TN-117,,
NLA12_TN-118,,
NLA12_TN-119,9/16/2012,8600
NLA12_TN-120,,
NLA12_TN-121,,
NLA12_TN-122,9/13/2012,8553
NLA12_TN-R01,9/19/2012,8664
NLA12_TX-101,6/21/2012,6735
NLA12_TX-101,9/13/2012,8547
NLA12_TX-102,10/19/2012,9178
NLA12_TX-103,7/17/2012,1000073
NLA12_TX-104,8/7/2012,7734
NLA12_TX-105,6/28/2012,6860
NLA12_TX-106,8/27/2012,8239
NLA12_TX-107,6/27/2012,6849
NLA12_TX-108,10/19/2012,9179
NLA12_TX-109,7/11/2012,1000053
NLA12_TX-110,6/28/2012,1000026
NLA12_TX-111,7/16/2012,7205
NLA12_TX-112,7/17/2012,7244
NLA12_TX-113,8/2/2012,7640
NLA12_TX-114,7/26/2012,7483
NLA12_TX-115,10/19/2012,9180
NLA12_TX-116,8/9/2012,7804
NLA12_TX-117,6/19/2012,6666
NLA12_TX-117,7/10/2012,1000048
NLA12_TX-118,8/30/2012,8330
NLA12_TX-119,10/19/2012,9181
NLA12_TX-120,7/14/2012,1000061
NLA12_TX-121,6/13/2012,6586
NLA12_TX-122,10/19/2012,9182
NLA12_TX-123,10/19/2012,9183
NLA12_TX-124,7/13/2012,1000060
NLA12_TX-125,10/19/2012,9184
NLA12_TX-126,10/19/2012,9185
NLA12_TX-127,10/19/2012,9186
NLA12_TX-128,8/16/2012,7994
NLA12_TX-129,9/25/2012,8762
NLA12_TX-130,10/19/2012,9187
NLA12_TX-131,10/19/2012,9188
NLA12_TX-132,10/19/2012,9189
NLA12_TX-133,10/19/2012,9190
NLA12_TX-134,10/19/2012,9191
NLA12_TX-135,6/26/2012,1000022
NLA12_TX-136,7/15/2012,7178
NLA12_TX-137,9/6/2012,8413
NLA12_TX-138,10/19/2012,9192
NLA12_TX-139,10/19/2012,9193
NLA12_TX-140,10/19/2012,9194
NLA12_TX-141,6/18/2012,1000014
NLA12_TX-142,10/19/2012,9195
NLA12_TX-143,10/19/2012,9196
NLA12_TX-144,6/14/2012,6622
NLA12_TX-145,10/19/2012,9197
NLA12_TX-146,10/19/2012,9198
NLA12_TX-147,10/19/2012,9199
NLA12_TX-148,7/15/2012,1000062
NLA12_TX-149,10/19/2012,9200
NLA12_TX-150,10/19/2012,9201
NLA12_TX-151,10/19/2012,9202
NLA12_TX-152,7/17/2012,7247
NLA12_TX-153,10/19/2012,9203
NLA12_TX-154,10/19/2012,9204
NLA12_TX-155,10/19/2012,9205
NLA12_TX-156,10/19/2012,9206
NLA12_TX-157,6/25/2012,6805
NLA12_TX-158,6/24/2012,1000018
NLA12_TX-159,9/11/2012,8480
NLA12_TX-160,6/22/2012,6744
NLA12_TX-161,9/19/2012,8655
NLA12_TX-162,10/19/2012,9207
NLA12_TX-163,10/19/2012,9208
NLA12_TX-164,10/19/2012,9209
NLA12_TX-165,6/18/2012,6647
NLA12_TX-166,10/19/2012,9210
NLA12_TX-167,10/19/2012,9211
NLA12_TX-168,10/19/2012,9212
NLA12_TX-169,6/19/2012,1000015
NLA12_TX-170,7/11/2012,7108
NLA12_TX-171,10/19/2012,9213
NLA12_TX-172,10/19/2012,9214
NLA12_TX-173,10/19/2012,9215
NLA12_TX-174,10/19/2012,9216
NLA12_TX-175,10/19/2012,9217
NLA12_TX-176,7/10/2012,7063
NLA12_TX-177,10/19/2012,9218
NLA12_TX-178,10/19/2012,9219
NLA12_TX-179,10/19/2012,9220
NLA12_TX-180,10/19/2012,9221
NLA12_TX-181,10/19/2012,9222
NLA12_TX-182,7/19/2012,7304
NLA12_TX-183,10/19/2012,9223
NLA12_TX-184,9/12/2012,8513
NLA12_TX-185,10/19/2012,9224
NLA12_TX-186,10/19/2012,9225
NLA12_TX-187,6/26/2012,6794
NLA12_TX-188,10/19/2012,9226
NLA12_TX-189,10/19/2012,9227
NLA12_TX-190,7/11/2012,7109
NLA12_TX-191,10/19/2012,9228
NLA12_TX-192,10/19/2012,9229
NLA12_TX-193,10/19/2012,9230
NLA12_TX-194,10/19/2012,9231
NLA12_TX-195,6/24/2012,6762
NLA12_TX-196,9/27/2012,8811
NLA12_TX-197,10/19/2012,9232
NLA12_TX-198,10/19/2012,9233
NLA12_TX-199,8/29/2012,8300
NLA12_TX-200,10/19/2012,9234
NLA12_TX-201,7/18/2012,7265
NLA12_TX-202,8/30/2012,8342
NLA12_TX-203,10/19/2012,9235
NLA12_TX-204,10/19/2012,9236
NLA12_TX-205,7/27/2012,7496
NLA12_TX-206,10/19/2012,9237
NLA12_TX-207,10/19/2012,9238
NLA12_TX-208,10/19/2012,9239
NLA12_TX-209,10/19/2012,9240
NLA12_TX-210,10/19/2012,9241
NLA12_TX-211,10/19/2012,9242
NLA12_TX-212,10/19/2012,9243
NLA12_TX-213,10/19/2012,9244
NLA12_TX-214,10/19/2012,9245
NLA12_TX-215,10/19/2012,9246
NLA12_TX-216,10/19/2012,9247
NLA12_TX-217,10/19/2012,9248
NLA12_TX-218,8/22/2012,8203
NLA12_TX-219,10/19/2012,9249
NLA12_TX-220,10/19/2012,9250
NLA12_TX-221,10/19/2012,9251
NLA12_TX-222,10/19/2012,9252
NLA12_TX-223,10/19/2012,9253
NLA12_TX-224,10/19/2012,9254
NLA12_TX-225,10/19/2012,9255
NLA12_TX-226,10/19/2012,9256
NLA12_TX-227,10/19/2012,9257
NLA12_TX-228,10/19/2012,9258
NLA12_TX-229,10/19/2012,9259
NLA12_TX-230,10/19/2012,9260
NLA12_TX-231,10/19/2012,9261
NLA12_TX-232,9/18/2012,8646
NLA12_TX-233,10/19/2012,9262
NLA12_TX-234,9/27/2012,8810
NLA12_TX-235,9/20/2012,8665
NLA12_TX-R02,6/13/2012,6608
NLA12_TX-R08,9/12/2012,8532
NLA12_TX-R09,9/25/2012,8773
NLA12_UT-101,5/15/2012,6216
NLA12_UT-101,7/12/2012,7153
NLA12_UT-102,6/11/2012,6527
NLA12_UT-103,5/9/2012,6194
NLA12_UT-104,6/7/2012,6478
NLA12_UT-105,6/19/2012,6665
NLA12_UT-106,6/22/2012,6732
NLA12_UT-107,6/22/2012,6733
NLA12_UT-108,5/17/2012,6227
NLA12_UT-109,6/12/2012,6575
NLA12_UT-110,6/12/2012,6552
NLA12_UT-110,9/6/2012,8446
NLA12_UT-111,6/22/2012,6734
NLA12_UT-112,6/5/2012,6447
NLA12_UT-113,6/4/2012,6736
NLA12_UT-114,5/7/2012,6752
NLA12_UT-115,6/1/2012,9285
NLA12_UT-116,6/1/2012,8821
NLA12_UT-117,5/1/2012,6760
NLA12_UT-118,8/8/2012,7798
NLA12_UT-119,5/1/2012,6761
NLA12_UT-120,5/1/2012,6788
NLA12_UT-121,6/27/2012,8820
NLA12_UT-122,8/29/2012,8329
NLA12_UT-123,5/1/2012,6934
NLA12_UT-124,6/1/2012,7014
NLA12_UT-125,7/4/2012,6944
NLA12_UT-126,8/14/2012,7958
NLA12_UT-127,6/1/2012,7013
NLA12_UT-128,6/6/2012,6449
NLA12_UT-129,6/1/2012,7016
NLA12_UT-130,6/1/2012,7015
NLA12_UT-131,7/19/2012,7507
NLA12_UT-132,,
NLA12_UT-133,,
NLA12_UT-134,,
NLA12_UT-135,,
NLA12_UT-136,7/19/2012,7505
NLA12_UT-137,7/11/2012,7155
NLA12_UT-138,,
NLA12_UT-139,,
NLA12_UT-140,,
NLA12_UT-141,6/28/2012,6869
NLA12_UT-142,7/19/2012,7506
NLA12_UT-143,,
NLA12_UT-144,,
NLA12_UT-145,,
NLA12_UT-146,,
NLA12_UT-147,8/14/2012,7998
NLA12_UT-148,7/2/2012,6926
NLA12_UT-149,,
NLA12_UT-150,,
NLA12_UT-151,7/31/2012,7654
NLA12_UT-152,,
NLA12_UT-153,,
NLA12_UT-154,,
NLA12_UT-155,,
NLA12_UT-156,,
NLA12_UT-157,7/11/2012,7705
NLA12_UT-158,,
NLA12_UT-159,8/15/2012,7996
NLA12_UT-160,6/21/2012,6731
NLA12_UT-161,,
NLA12_UT-162,,
NLA12_UT-163,,
NLA12_UT-164,,
NLA12_UT-165,6/27/2012,6826
NLA12_UT-166,,
NLA12_UT-167,8/1/2012,7593
NLA12_UT-168,,
NLA12_UT-169,7/10/2012,7057
NLA12_UT-170,,
NLA12_UT-171,,
NLA12_UT-172,,
NLA12_UT-173,6/27/2012,6825
NLA12_UT-174,,
NLA12_UT-175,,
NLA12_UT-176,,
NLA12_UT-177,,
NLA12_UT-178,9/11/2012,8531
NLA12_UT-179,,
NLA12_UT-180,,
NLA12_UT-181,,
NLA12_UT-182,,
NLA12_UT-183,,
NLA12_UT-184,,
NLA12_UT-185,,
NLA12_UT-186,6/28/2012,6868
NLA12_UT-187,,
NLA12_UT-188,,
NLA12_UT-189,,
NLA12_UT-190,,
NLA12_UT-191,,
NLA12_UT-192,,
NLA12_UT-193,,
NLA12_UT-194,,
NLA12_UT-195,,
NLA12_UT-196,8/2/2012,7643
NLA12_UT-197,,
NLA12_UT-198,,
NLA12_UT-199,,
NLA12_UT-200,,
NLA12_UT-201,,
NLA12_UT-202,,
NLA12_UT-203,7/23/2012,7367
NLA12_UT-204,,
NLA12_UT-205,,
NLA12_UT-206,,
NLA12_UT-207,,
NLA12_UT-208,,
NLA12_UT-209,,
NLA12_UT-210,7/11/2012,7097
NLA12_UT-211,,
NLA12_UT-212,,
NLA12_UT-213,,
NLA12_UT-214,,
NLA12_UT-215,,
NLA12_UT-216,,
NLA12_UT-217,,
NLA12_UT-218,8/10/2012,7841
NLA12_UT-219,,
NLA12_UT-220,,
NLA12_UT-221,,
NLA12_UT-222,7/12/2012,7154
NLA12_UT-223,,
NLA12_UT-224,,
NLA12_UT-225,,
NLA12_UT-226,,
NLA12_UT-227,,
NLA12_UT-228,,
NLA12_UT-229,9/5/2012,8395
NLA12_UT-230,,
NLA12_UT-231,,
NLA12_UT-232,,
NLA12_UT-233,,
NLA12_UT-234,,
NLA12_UT-235,,
NLA12_UT-236,,
NLA12_UT-238,,
NLA12_UT-239,,
NLA12_UT-240,,
NLA12_UT-241,,
NLA12_UT-242,,
NLA12_UT-243,,
NLA12_UT-244,,
NLA12_UT-245,,
NLA12_UT-246,,
NLA12_UT-247,,
NLA12_UT-248,9/11/2012,8510
NLA12_UT-250,,
NLA12_UT-251,,
NLA12_UT-252,,
NLA12_UT-255,,
NLA12_UT-256,,
NLA12_UT-257,,
NLA12_UT-258,,
NLA12_UT-259,,
NLA12_UT-260,7/5/2012,6966
NLA12_UT-261,,
NLA12_UT-262,,
NLA12_UT-263,,
NLA12_UT-264,9/12/2012,8504
NLA12_UT-265,,
NLA12_UT-266,,
NLA12_UT-267,,
NLA12_UT-268,,
NLA12_UT-269,,
NLA12_UT-270,,
NLA12_UT-271,,
NLA12_UT-272,,
NLA12_UT-273,,
NLA12_UT-274,,
NLA12_UT-275,,
NLA12_UT-276,,
NLA12_UT-277,,
NLA12_UT-278,,
NLA12_UT-279,,
NLA12_UT-280,,
NLA12_UT-281,,
NLA12_UT-282,,
NLA12_UT-283,,
NLA12_UT-284,,
NLA12_UT-285,,
NLA12_UT-286,,
NLA12_UT-287,,
NLA12_UT-288,,
NLA12_UT-289,,
NLA12_UT-290,9/7/2012,8447
NLA12_UT-291,,
NLA12_UT-292,,
NLA12_UT-293,,
NLA12_UT-294,7/17/2012,7225
NLA12_UT-295,,
NLA12_UT-296,,
NLA12_UT-298,,
NLA12_UT-299,,
NLA12_UT-300,,
NLA12_UT-301,,
NLA12_UT-302,,
NLA12_UT-303,,
NLA12_UT-306,,
NLA12_UT-307,,
NLA12_UT-308,,
NLA12_UT-309,,
NLA12_UT-310,,
NLA12_UT-311,,
NLA12_UT-313,,
NLA12_UT-314,,
NLA12_UT-317,,
NLA12_UT-318,,
NLA12_UT-319,,
NLA12_UT-320,,
NLA12_UT-321,,
NLA12_UT-322,,
NLA12_UT-323,,
NLA12_UT-324,9/4/2012,8360
NLA12_UT-325,9/5/2012,8390
NLA12_UT-327,,
NLA12_UT-328,,
NLA12_UT-329,,
NLA12_UT-330,,
NLA12_UT-332,9/5/2012,8536
NLA12_UT-334,,
NLA12_UT-336,,
NLA12_UT-337,,
NLA12_UT-338,,
NLA12_UT-339,,
NLA12_UT-340,,
NLA12_UT-341,,
NLA12_UT-342,,
NLA12_UT-343,9/11/2012,8508
NLA12_UT-344,,
NLA12_UT-345,,
NLA12_UT-346,,
NLA12_UT-347,,
NLA12_UT-348,,
NLA12_UT-350,,
NLA12_UT-351,,
NLA12_UT-352,,
NLA12_UT-353,,
NLA12_UT-354,,
NLA12_UT-355,,
NLA12_UT-356,,
NLA12_UT-358,,
NLA12_UT-359,9/12/2012,8509
NLA12_UT-360,,
NLA12_UT-361,,
NLA12_UT-362,,
NLA12_UT-363,,
NLA12_UT-365,,
NLA12_UT-366,,
NLA12_UT-367,,
NLA12_UT-368,,
NLA12_UT-369,,
NLA12_UT-370,,
NLA12_UT-371,,
NLA12_UT-374,8/30/2012,8321
NLA12_UT-375,,
NLA12_UT-376,,
NLA12_UT-377,,
NLA12_UT-378,,
NLA12_UT-380,,
NLA12_UT-381,,
NLA12_UT-384,,
NLA12_UT-385,,
NLA12_UT-386,,
NLA12_UT-388,,
NLA12_UT-389,,
NLA12_UT-390,,
NLA12_UT-391,,
NLA12_UT-392,9/26/2012,8777
NLA12_UT-393,,
NLA12_UT-394,,
NLA12_UT-395,,
NLA12_UT-396,,
NLA12_UT-397,9/25/2012,8765
NLA12_UT-398,,
NLA12_UT-399,,
NLA12_UT-400,9/27/2012,8812
NLA12_UT-401,,
NLA12_UT-402,,
NLA12_UT-404,,
NLA12_UT-405,,
NLA12_UT-406,,
NLA12_UT-407,,
NLA12_UT-408,,
NLA12_UT-409,9/27/2012,8787
NLA12_UT-410,,
NLA12_UT-412,9/25/2012,8766
NLA12_UT-413,,
NLA12_UT-415,,
NLA12_UT-416,,
NLA12_UT-418,,
NLA12_UT-421,,
NLA12_UT-422,,
NLA12_UT-423,,
NLA12_UT-424,9/26/2012,8776
NLA12_VA-101,7/10/2012,7054
NLA12_VA-101,8/2/2012,7635
NLA12_VA-102,7/30/2012,7537
NLA12_VA-103,7/18/2012,7260
NLA12_VA-104,7/25/2012,7410
NLA12_VA-105,7/11/2012,7095
NLA12_VA-106,8/1/2012,7586
NLA12_VA-107,,
NLA12_VA-108,6/12/2012,6553
NLA12_VA-109,6/5/2012,6424
NLA12_VA-109,7/16/2012,7196
NLA12_VA-110,7/18/2012,7259
NLA12_VA-111,7/10/2012,7053
NLA12_VA-112,8/8/2012,7777
NLA12_VA-113,,
NLA12_VA-114,6/14/2012,6587
NLA12_VA-115,,
NLA12_VA-116,6/6/2012,6438
NLA12_VA-117,,
NLA12_VA-118,7/17/2012,7237
NLA12_VA-119,7/31/2012,7564
NLA12_VA-121,7/11/2012,7094
NLA12_VA-122,,
NLA12_VA-123,8/8/2012,7778
NLA12_VA-124,,
NLA12_VA-125,6/13/2012,6568
NLA12_VA-126,7/26/2012,7455
NLA12_VA-127,8/15/2012,7963
NLA12_VA-128,,
NLA12_VA-129,,
NLA12_VA-130,8/15/2012,7964
NLA12_VA-R01,6/26/2012,6792
NLA12_VA-R05,8/1/2012,7636
NLA12_VA-R06,7/31/2012,7565
NLA12_VA-R14,7/24/2012,7378
NLA12_VA-R17,6/27/2012,6818
NLA12_VA-R18,8/7/2012,7738
NLA12_VT-101,6/18/2012,1000013
NLA12_VT-101,8/1/2012,1000110
NLA12_VT-102,6/26/2012,1000020
NLA12_VT-103,7/30/2012,7520
NLA12_VT-104,7/17/2012,1000071
NLA12_VT-105,,
NLA12_VT-106,7/2/2012,1000032
NLA12_VT-107,,
NLA12_VT-108,,
NLA12_VT-109,7/12/2012,1000054
NLA12_VT-110,8/22/2012,1000167
NLA12_VT-111,,
NLA12_VT-112,7/5/2012,6953
NLA12_VT-112,8/24/2012,8199
NLA12_VT-113,,
NLA12_VT-114,7/26/2012,1000097
NLA12_VT-115,8/13/2012,1000141
NLA12_VT-R01,7/10/2012,7056
NLA12_VT-R02,7/11/2012,7096
NLA12_WA-101,7/12/2012,7179
NLA12_WA-101,8/21/2012,8157
NLA12_WA-102,8/2/2012,7685
NLA12_WA-103,8/27/2012,8238
NLA12_WA-104,9/11/2012,8496
NLA12_WA-105,,
NLA12_WA-106,7/24/2012,1000087
NLA12_WA-107,7/31/2012,1000107
NLA12_WA-108,7/17/2012,7258
NLA12_WA-109,8/14/2012,7915
NLA12_WA-110,9/26/2012,8783
NLA12_WA-111,8/9/2012,1000136
NLA12_WA-112,7/18/2012,7257
NLA12_WA-113,,
NLA12_WA-114,8/30/2012,8319
NLA12_WA-115,9/5/2012,8391
NLA12_WA-116,9/12/2012,8495
NLA12_WA-117,,
NLA12_WA-118,7/2/2012,6925
NLA12_WA-119,,
NLA12_WA-120,9/6/2012,8444
NLA12_WA-121,7/5/2012,6984
NLA12_WA-122,,
NLA12_WA-123,,
NLA12_WA-124,9/7/2012,8442
NLA12_WA-125,8/23/2012,8182
NLA12_WA-126,7/19/2012,7256
NLA12_WA-127,,
NLA12_WA-128,,
NLA12_WA-129,8/1/2012,1000113
NLA12_WA-130,,
NLA12_WA-131,8/8/2012,1000134
NLA12_WA-132,,
NLA12_WA-133,8/15/2012,7956
NLA12_WA-133,9/19/2012,8657
NLA12_WA-134,,
NLA12_WA-135,,
NLA12_WA-136,,
NLA12_WA-137,,
NLA12_WA-138,7/10/2012,7055
NLA12_WA-139,,
NLA12_WA-140,,
NLA12_WA-141,7/11/2012,7148
NLA12_WA-142,,
NLA12_WA-143,,
NLA12_WA-144,,
NLA12_WA-145,,
NLA12_WA-146,8/28/2012,8291
NLA12_WA-147,8/7/2012,1000194
NLA12_WA-148,,
NLA12_WA-149,,
NLA12_WA-150,,
NLA12_WA-151,9/18/2012,8627
NLA12_WA-152,,
NLA12_WA-153,,
NLA12_WA-154,9/25/2012,8782
NLA12_WA-155,,
NLA12_WA-156,,
NLA12_WA-157,7/4/2012,6983
NLA12_WA-158,,
NLA12_WA-159,9/13/2012,8552
NLA12_WA-R08,7/30/2012,7538
NLA12_WA-R09,7/31/2012,7642
NLA12_WA-R10,8/1/2012,7621
NLA12_WA-R11,8/7/2012,7743
NLA12_WI-101,6/26/2012,1000023
NLA12_WI-101,8/15/2012,1000154
NLA12_WI-102,6/27/2012,1000028
NLA12_WI-103,8/1/2012,1000116
NLA12_WI-104,7/17/2012,1000121
NLA12_WI-105,8/30/2012,1000224
NLA12_WI-106,8/28/2012,1000188
NLA12_WI-107,8/8/2012,1000135
NLA12_WI-108,7/30/2012,1000109
NLA12_WI-109,8/22/2012,8193
NLA12_WI-110,8/13/2012,1000147
NLA12_WI-111,9/6/2012,8430
NLA12_WI-112,7/19/2012,1000108
NLA12_WI-112,9/12/2012,1000204
NLA12_WI-113,7/5/2012,1000039
NLA12_WI-114,7/3/2012,1000036
NLA12_WI-115,8/20/2012,8194
NLA12_WI-116,7/24/2012,1000225
NLA12_WI-117,7/10/2012,1000044
NLA12_WI-118,,
NLA12_WI-119,,
NLA12_WI-120,8/9/2012,1000138
NLA12_WI-121,,
NLA12_WI-122,9/20/2012,1000222
NLA12_WI-123,,
NLA12_WI-124,,
NLA12_WI-125,,
NLA12_WI-126,,
NLA12_WI-127,8/2/2012,1000119
NLA12_WI-128,7/25/2012,1000144
NLA12_WI-129,8/7/2012,1000127
NLA12_WI-130,6/12/2012,1000012
NLA12_WI-131,7/18/2012,1000082
NLA12_WI-132,9/6/2012,8427
NLA12_WI-133,9/5/2012,8426
NLA12_WI-134,8/9/2012,7808
NLA12_WI-135,8/29/2012,8429
NLA12_WI-136,7/11/2012,1000050
NLA12_WI-137,,
NLA12_WI-138,8/27/2012,1000180
NLA12_WI-139,,
NLA12_WI-140,6/25/2012,6776
NLA12_WI-141,,
NLA12_WI-142,9/25/2012,1000217
NLA12_WI-143,7/30/2012,1000226
NLA12_WI-144,7/26/2012,7735
NLA12_WI-145,,
NLA12_WI-146,,
NLA12_WI-147,8/30/2012,1000193
NLA12_WI-148,,
NLA12_WI-149,,
NLA12_WI-150,7/3/2012,1000037
NLA12_WI-151,7/31/2012,1000118
NLA12_WI-152,7/2/2012,1000034
NLA12_WI-153,9/27/2012,1000218
NLA12_WI-154,7/16/2012,1000083
NLA12_WI-155,8/1/2012,1000115
NLA12_WI-156,,
NLA12_WI-157,9/19/2012,1000223
NLA12_WI-158,,
NLA12_WI-159,,
NLA12_WI-160,,
NLA12_WI-161,8/14/2012,7943
NLA12_WI-162,,
NLA12_WI-163,8/28/2012,1000185
NLA12_WI-164,,
NLA12_WI-165,,
NLA12_WI-166,7/26/2012,1000100
NLA12_WI-167,,
NLA12_WI-168,7/13/2012,1000059
NLA12_WI-169,,
NLA12_WI-170,9/11/2012,1000203
NLA12_WI-171,8/29/2012,1000189
NLA12_WI-172,7/14/2012,1000063
NLA12_WI-173,9/18/2012,1000207
NLA12_WI-174,9/24/2012,1000220
NLA12_WI-175,,
NLA12_WI-176,9/10/2012,1000202
NLA12_WI-177,,
NLA12_WI-178,,
NLA12_WI-179,8/21/2012,8192
NLA12_WI-180,,
NLA12_WI-181,9/4/2012,8428
NLA12_WI-182,,
NLA12_WI-183,9/26/2012,1000219
NLA12_WI-184,,
NLA12_WI-185,,
NLA12_WI-186,,
NLA12_WI-187,,
NLA12_WI-188,9/17/2012,1000208
NLA12_WI-R06,6/18/2012,6633
NLA12_WI-R08,5/22/2012,6253
NLA12_WI-R11,5/21/2012,6237
NLA12_WI-R12,8/8/2012,7758
NLA12_WI-R13,8/9/2012,7785
NLA12_WV-101,6/19/2012,6692
NLA12_WV-101,8/28/2012,8299
NLA12_WV-102,6/12/2012,6554
NLA12_WV-103,,
NLA12_WV-104,,
NLA12_WV-105,9/10/2012,8470
NLA12_WV-106,6/13/2012,6590
NLA12_WV-107,,
NLA12_WV-108,,
NLA12_WV-109,,
NLA12_WV-110,,
NLA12_WV-111,6/27/2012,6827
NLA12_WV-112,6/28/2012,6877
NLA12_WV-112,9/5/2012,8394
NLA12_WV-113,6/26/2012,6806
NLA12_WV-114,,
NLA12_WV-115,6/20/2012,6714
NLA12_WV-R01,6/27/2012,6837
NLA12_WY-101,7/4/2012,6991
NLA12_WY-101,9/13/2012,8594
NLA12_WY-102,7/24/2012,7406
NLA12_WY-103,7/28/2012,7499
NLA12_WY-104,7/6/2012,6999
NLA12_WY-105,7/9/2012,7026
NLA12_WY-106,,
NLA12_WY-107,7/7/2012,7000
NLA12_WY-108,,
NLA12_WY-109,,
NLA12_WY-110,,
NLA12_WY-111,7/6/2012,7324
NLA12_WY-112,,
NLA12_WY-113,,
NLA12_WY-114,,
NLA12_WY-115,8/3/2012,7698
NLA12_WY-116,8/5/2012,7859
NLA12_WY-117,7/26/2012,7498
NLA12_WY-118,,
NLA12_WY-119,,
NLA12_WY-120,7/29/2012,7497
NLA12_WY-121,,
NLA12_WY-122,,
NLA12_WY-123,,
NLA12_WY-124,7/24/2012,7383
NLA12_WY-124,9/18/2012,8631
NLA12_WY-125,9/6/2012,8458
NLA12_WY-126,,
NLA12_WY-127,,
NLA12_WY-128,,
NLA12_WY-129,,
NLA12_WY-130,7/8/2012,7006
NLA12_WY-131,7/10/2012,7089
NLA12_WY-132,,
NLA12_WY-133,7/31/2012,7631
NLA12_WY-134,,
NLA12_WY-135,7/11/2012,7088
NLA12_WY-136,,
NLA12_WY-137,9/14/2012,8595
NLA12_WY-138,,
NLA12_WY-139,,
NLA12_WY-140,,
NLA12_WY-141,,
NLA12_WY-142,,
NLA12_WY-143,,
NLA12_WY-144,,
NLA12_WY-145,,
NLA12_WY-146,,
NLA12_WY-147,9/17/2012,8629
NLA12_WY-148,,
NLA12_WY-149,,
NLA12_WY-150,,
NLA12_WY-151,9/15/2012,1000206
NLA12_WY-R01,8/16/2012,8007
NLA12_WY-R02,7/31/2012,7580
NLA12_WY-R04,8/14/2012,7932
NLA12_WY-R08,8/21/2012,8119
