SITE_ID,date,UID
NLA12_AL-101,2012-05-24,6300
NLA12_AL-101,2012-07-21,7374
NLA12_AL-102,2012-07-17,7228
NLA12_AL-103,2012-07-19,7292
NLA12_AL-104,2012-07-23,7368
NLA12_AL-105,2012-05-23,6267
NLA12_AL-105,2012-07-24,7394
NLA12_AL-106,,
NLA12_AL-107,,
NLA12_AL-108,,
NLA12_AL-109,,
NLA12_AL-110,,
NLA12_AL-111,,
NLA12_AL-112,2012-07-22,7375
NLA12_AL-113,2012-08-08,7769
NLA12_AL-114,2012-07-26,7459
NLA12_AL-R03,2012-07-18,7291
NLA12_AL-R05,2012-07-21,7376
NLA12_AR-101,2012-07-23,7392
NLA12_AR-101,2012-08-17,8021
NLA12_AR-102,2012-08-21,8144
NLA12_AR-103,2012-08-24,8217
NLA12_AR-104,2012-08-09,7812
NLA12_AR-105,2012-07-24,7409
NLA12_AR-105,2012-08-16,8022
NLA12_AR-106,2012-08-20,8121
NLA12_AR-107,2012-08-28,1000181
NLA12_AR-108,2012-08-28,1000182
NLA12_AR-109,2012-08-08,7811
NLA12_AR-110,2012-08-28,1000183
NLA12_AR-111,2012-08-22,8145
NLA12_AZ-101,2012-05-08,6187
NLA12_AZ-101,2012-06-14,6612
NLA12_AZ-102,2012-09-19,8648
NLA12_AZ-103,2012-08-09,7821
NLA12_AZ-104,,
NLA12_AZ-105,,
NLA12_AZ-106,2012-08-23,8218
NLA12_AZ-107,2012-07-26,7475
NLA12_AZ-108,,
NLA12_AZ-109,,
NLA12_AZ-110,,
NLA12_AZ-111,,
NLA12_AZ-112,,
NLA12_AZ-113,,
NLA12_AZ-114,,
NLA12_AZ-115,,
NLA12_AZ-116,,
NLA12_AZ-117,,
NLA12_AZ-118,2012-05-09,6192
NLA12_AZ-119,,
NLA12_AZ-120,,
NLA12_AZ-121,,
NLA12_AZ-122,,
NLA12_AZ-123,2012-08-24,8219
NLA12_AZ-124,,
NLA12_AZ-125,,
NLA12_AZ-126,,
NLA12_AZ-127,2012-05-23,6281
NLA12_AZ-128,,
NLA12_AZ-129,,
NLA12_AZ-130,2012-05-10,6195
NLA12_AZ-130,2012-08-22,8198
NLA12_AZ-131,,
NLA12_AZ-132,,
NLA12_AZ-133,,
NLA12_AZ-134,,
NLA12_AZ-135,,
NLA12_AZ-136,,
NLA12_AZ-137,,
NLA12_AZ-138,,
NLA12_AZ-139,,
NLA12_AZ-140,2012-07-19,7290
NLA12_AZ-141,,
NLA12_AZ-142,,
NLA12_AZ-143,2012-08-30,8320
NLA12_AZ-144,,
NLA12_AZ-145,2012-08-14,8016
NLA12_AZ-146,,
NLA12_AZ-147,,
NLA12_AZ-148,,
NLA12_AZ-149,,
NLA12_AZ-150,,
NLA12_AZ-151,,
NLA12_AZ-152,,
NLA12_AZ-153,,
NLA12_AZ-154,,
NLA12_AZ-155,,
NLA12_AZ-156,,
NLA12_AZ-157,2012-08-17,8251
NLA12_AZ-R01,2012-08-22,8183
NLA12_AZ-R02,2012-08-21,8153
NLA12_CA-101,2012-07-09,7020
NLA12_CA-101,2012-09-24,8759
NLA12_CA-102,2012-08-28,8264
NLA12_CA-103,2012-08-13,7916
NLA12_CA-104,2012-09-11,8483
NLA12_CA-105,2012-07-11,7126
NLA12_CA-106,2012-05-22,6250
NLA12_CA-107,2012-09-10,8466
NLA12_CA-108,2012-08-08,7796
NLA12_CA-109,,
NLA12_CA-110,,
NLA12_CA-111,2012-07-19,7341
NLA12_CA-111,2012-08-14,7937
NLA12_CA-112,2012-07-25,7424
NLA12_CA-113,,
NLA12_CA-114,,
NLA12_CA-115,,
NLA12_CA-116,2012-06-12,6559
NLA12_CA-117,,
NLA12_CA-118,,
NLA12_CA-119,2012-08-07,7740
NLA12_CA-120,,
NLA12_CA-121,2012-06-19,6659
NLA12_CA-122,,
NLA12_CA-123,2012-08-15,7989
NLA12_CA-124,,
NLA12_CA-125,,
NLA12_CA-126,,
NLA12_CA-127,,
NLA12_CA-128,2012-07-31,7563
NLA12_CA-129,,
NLA12_CA-130,,
NLA12_CA-131,,
NLA12_CA-132,2012-06-13,6596
NLA12_CA-133,,
NLA12_CA-134,,
NLA12_CA-135,2012-08-15,7988
NLA12_CA-136,,
NLA12_CA-137,,
NLA12_CA-138,2012-09-06,8424
NLA12_CA-139,,
NLA12_CA-140,,
NLA12_CA-141,2012-08-22,8148
NLA12_CA-142,,
NLA12_CA-143,2012-05-02,6160
NLA12_CA-144,,
NLA12_CA-145,2012-07-30,7529
NLA12_CA-146,,
NLA12_CA-147,,
NLA12_CA-148,,
NLA12_CA-149,,
NLA12_CA-150,,
NLA12_CA-151,,
NLA12_CA-152,,
NLA12_CA-153,,
NLA12_CA-154,2012-07-17,7229
NLA12_CA-155,,
NLA12_CA-156,2012-08-27,8265
NLA12_CA-157,2012-06-18,6642
NLA12_CA-158,,
NLA12_CA-159,,
NLA12_CA-160,,
NLA12_CA-161,,
NLA12_CA-162,,
NLA12_CA-163,,
NLA12_CA-164,,
NLA12_CA-165,,
NLA12_CA-166,2012-07-24,7423
NLA12_CA-167,2012-07-18,7263
NLA12_CA-168,2012-05-21,6235
NLA12_CA-169,,
NLA12_CA-170,,
NLA12_CA-171,,
NLA12_CA-172,2012-05-23,6279
NLA12_CA-173,,
NLA12_CA-174,2012-06-11,6558
NLA12_CA-175,,
NLA12_CA-176,,
NLA12_CA-177,,
NLA12_CA-178,,
NLA12_CA-179,2012-06-14,6623
NLA12_CA-180,2012-07-10,7064
NLA12_CA-181,2012-08-29,8333
NLA12_CA-182,,
NLA12_CA-183,,
NLA12_CA-184,,
NLA12_CA-185,,
NLA12_CA-186,,
NLA12_CA-187,,
NLA12_CA-188,2012-08-06,7712
NLA12_CA-189,,
NLA12_CA-190,2012-07-16,7208
NLA12_CA-191,,
NLA12_CA-192,,
NLA12_CA-193,,
NLA12_CA-194,,
NLA12_CA-195,,
NLA12_CA-196,,
NLA12_CA-197,,
NLA12_CA-198,,
NLA12_CA-199,,
NLA12_CA-200,2012-07-23,7366
NLA12_CA-201,,
NLA12_CA-202,,
NLA12_CA-203,,
NLA12_CA-204,,
NLA12_CA-205,,
NLA12_CA-206,2012-08-20,8076
NLA12_CA-207,,
NLA12_CA-208,2012-08-21,8149
NLA12_CA-209,,
NLA12_CA-210,,
NLA12_CA-211,,
NLA12_CA-212,2012-09-05,8398
NLA12_CA-213,,
NLA12_CA-214,,
NLA12_CA-215,,
NLA12_CA-216,,
NLA12_CA-217,,
NLA12_CA-218,,
NLA12_CA-219,,
NLA12_CA-220,,
NLA12_CA-221,,
NLA12_CA-222,,
NLA12_CA-223,2012-09-26,8779
NLA12_CA-R01,2012-07-20,7338
NLA12_CA-R02,2012-07-23,7396
NLA12_CA-R03,2012-07-22,7379
NLA12_CA-R05,2012-07-18,7289
NLA12_CA-R06,2012-07-16,7230
NLA12_CA-R09,2012-07-12,1000057
NLA12_CA-R10,2012-07-17,7254
NLA12_CA-R12,2012-07-15,7200
NLA12_CA-R13,2012-07-13,7172
NLA12_CO-101,2012-07-13,7173
NLA12_CO-101,2012-08-21,8129
NLA12_CO-102,2012-06-26,6795
NLA12_CO-103,2012-09-12,8505
NLA12_CO-104,2012-09-14,8596
NLA12_CO-105,2012-08-30,8325
NLA12_CO-106,2012-07-20,7325
NLA12_CO-107,2012-08-29,8297
NLA12_CO-108,2012-07-05,6976
NLA12_CO-109,2012-08-23,8184
NLA12_CO-110,2012-05-29,6342
NLA12_CO-111,2012-09-11,8477
NLA12_CO-112,,
NLA12_CO-113,,
NLA12_CO-114,2012-06-27,6874
NLA12_CO-115,2012-07-11,7102
NLA12_CO-116,,
NLA12_CO-117,2012-08-02,7686
NLA12_CO-118,,
NLA12_CO-119,2012-07-18,7322
NLA12_CO-120,,
NLA12_CO-121,2012-08-01,7684
NLA12_CO-122,,
NLA12_CO-123,,
NLA12_CO-124,2012-06-22,6753
NLA12_CO-125,2012-07-26,7476
NLA12_CO-126,2012-07-02,6938
NLA12_CO-127,2012-09-06,8414
NLA12_CO-128,,
NLA12_CO-129,2012-07-24,7395
NLA12_CO-130,2012-08-15,7957
NLA12_CO-131,2012-06-28,6875
NLA12_CO-131,2012-08-17,8025
NLA12_CO-133,2012-08-08,7827
NLA12_CO-R01,2012-08-27,8258
NLA12_CO-R04,2012-08-08,7768
NLA12_CO-R07,2012-08-30,8334
NLA12_CO-R10,2012-08-28,8282
NLA12_CT-101,2012-06-20,6689
NLA12_CT-101,2012-08-29,8298
NLA12_CT-102,2012-06-28,6854
NLA12_CT-103,2012-08-09,7800
NLA12_CT-104,2012-07-11,7091
NLA12_CT-105,2012-09-12,8500
NLA12_CT-106,,
NLA12_CT-107,2012-07-25,7450
NLA12_CT-108,2012-08-15,7953
NLA12_CT-109,,
NLA12_CT-110,,
NLA12_CT-111,,
NLA12_CT-112,,
NLA12_CT-113,,
NLA12_CT-114,,
NLA12_CT-115,2012-06-26,6813
NLA12_CT-115,2012-09-06,8412
NLA12_CT-116,,
NLA12_CT-117,,
NLA12_CT-118,2012-07-17,7224
NLA12_CT-119,,
NLA12_CT-120,,
NLA12_CT-121,,
NLA12_CT-122,,
NLA12_CT-123,,
NLA12_CT-124,,
NLA12_CT-125,,
NLA12_CT-126,2012-08-01,7582
NLA12_DE-101,2012-08-06,7729
NLA12_DE-101,2012-09-19,8654
NLA12_DE-102,2012-06-27,6838
NLA12_DE-103,2012-08-15,7972
NLA12_DE-104,2012-08-20,8115
NLA12_DE-105,2012-06-25,6780
NLA12_DE-105,2012-09-17,8620
NLA12_DE-106,,
NLA12_DE-107,2012-09-13,8592
NLA12_DE-108,,
NLA12_DE-109,,
NLA12_DE-110,,
NLA12_DE-111,,
NLA12_DE-112,,
NLA12_DE-113,,
NLA12_DE-114,,
NLA12_DE-115,,
NLA12_DE-116,,
NLA12_DE-117,,
NLA12_DE-118,,
NLA12_DE-119,,
NLA12_DE-120,,
NLA12_DE-121,2012-09-10,8469
NLA12_FL-101,2012-05-14,6212
NLA12_FL-101,2012-08-19,8062
NLA12_FL-102,2012-05-16,6222
NLA12_FL-102,2012-08-10,7826
NLA12_FL-103,2012-07-30,7530
NLA12_FL-104,2012-05-19,6233
NLA12_FL-105,2012-08-12,7839
NLA12_FL-106,2012-05-20,6232
NLA12_FL-107,2012-05-17,6228
NLA12_FL-108,2012-07-28,7531
NLA12_FL-109,2012-08-11,7836
NLA12_FL-110,2012-05-18,6231
NLA12_FL-110,2012-08-14,7908
NLA12_FL-111,,
NLA12_FL-112,,
NLA12_FL-113,,
NLA12_FL-114,2012-05-21,6251
NLA12_FL-115,,
NLA12_FL-116,,
NLA12_FL-117,,
NLA12_FL-118,,
NLA12_FL-119,,
NLA12_FL-120,,
NLA12_FL-121,,
NLA12_FL-122,,
NLA12_FL-123,2012-05-15,6218
NLA12_FL-123,2012-08-18,8061
NLA12_FL-124,,
NLA12_FL-125,,
NLA12_FL-126,2012-08-13,7909
NLA12_FL-127,,
NLA12_FL-128,,
NLA12_FL-129,,
NLA12_FL-130,2012-08-09,7814
NLA12_FL-131,,
NLA12_FL-132,2012-08-19,8060
NLA12_FL-133,,
NLA12_FL-134,,
NLA12_FL-135,,
NLA12_FL-136,,
NLA12_FL-137,,
NLA12_FL-138,,
NLA12_FL-139,,
NLA12_FL-140,,
NLA12_FL-141,2012-08-17,8026
NLA12_FL-R04,2012-08-15,1000190
NLA12_FL-R06,2012-07-29,7532
NLA12_GA-101,2012-05-24,6293
NLA12_GA-101,2012-08-28,8277
NLA12_GA-102,2012-07-19,7307
NLA12_GA-103,2012-08-21,8122
NLA12_GA-104,2012-07-25,7453
NLA12_GA-105,2012-07-09,7021
NLA12_GA-106,,
NLA12_GA-107,2012-06-13,6585
NLA12_GA-108,,
NLA12_GA-109,,
NLA12_GA-110,,
NLA12_GA-111,2012-08-08,7791
NLA12_GA-112,2012-05-16,6226
NLA12_GA-112,2012-08-15,7993
NLA12_GA-113,,
NLA12_GA-114,2012-08-29,8316
NLA12_GA-115,,
NLA12_GA-116,,
NLA12_GA-117,,
NLA12_GA-118,2012-06-28,6889
NLA12_GA-119,,
NLA12_GA-120,,
NLA12_GA-121,,
NLA12_GA-122,,
NLA12_GA-123,,
NLA12_GA-124,,
NLA12_GA-125,,
NLA12_GA-126,,
NLA12_GA-127,2012-08-22,8178
NLA12_GA-R01,2012-07-25,7461
NLA12_GA-R11,2012-08-16,8027
NLA12_IA-101,2012-06-14,6604
NLA12_IA-101,2012-07-17,7242
NLA12_IA-102,2012-07-26,7462
NLA12_IA-103,2012-06-26,6789
NLA12_IA-104,2012-07-09,7017
NLA12_IA-105,2012-06-11,6530
NLA12_IA-106,2012-06-25,6768
NLA12_IA-107,2012-06-04,6416
NLA12_IA-108,,
NLA12_IA-109,2012-06-18,6660
NLA12_IA-110,,
NLA12_IA-111,,
NLA12_IA-112,,
NLA12_IA-113,2012-06-28,6848
NLA12_IA-114,,
NLA12_IA-115,,
NLA12_IA-116,,
NLA12_IA-117,,
NLA12_IA-118,,
NLA12_IA-119,,
NLA12_IA-120,2012-06-12,6541
NLA12_IA-120,2012-07-23,7371
NLA12_IA-121,,
NLA12_IA-122,,
NLA12_IA-123,,
NLA12_IA-124,,
NLA12_IA-125,,
NLA12_IA-126,,
NLA12_IA-127,2012-07-10,7041
NLA12_IA-128,,
NLA12_IA-129,,
NLA12_IA-130,,
NLA12_IA-131,,
NLA12_IA-132,2012-06-07,6464
NLA12_IA-133,,
NLA12_IA-134,2012-07-12,7125
NLA12_IA-135,,
NLA12_IA-136,,
NLA12_IA-137,,
NLA12_IA-138,,
NLA12_IA-139,,
NLA12_IA-140,,
NLA12_IA-141,,
NLA12_IA-142,,
NLA12_IA-143,,
NLA12_IA-144,,
NLA12_IA-145,,
NLA12_IA-146,,
NLA12_IA-147,,
NLA12_IA-148,,
NLA12_IA-149,,
NLA12_IA-150,2012-07-02,6915
NLA12_IA-151,,
NLA12_IA-152,2012-07-05,6977
NLA12_IA-R01,2012-06-27,6815
NLA12_IA-R02,2012-06-28,6840
NLA12_IA-R03,2012-06-26,6783
NLA12_ID-101,2012-07-02,6959
NLA12_ID-101,2012-08-07,7761
NLA12_ID-102,2012-07-13,7164
NLA12_ID-103,2012-07-14,1000069
NLA12_ID-104,2012-08-02,7671
NLA12_ID-105,2012-07-13,7189
NLA12_ID-106,,
NLA12_ID-107,2012-06-25,1000019
NLA12_ID-108,2012-07-13,7167
NLA12_ID-109,2012-06-27,1000029
NLA12_ID-110,2012-07-30,7549
NLA12_ID-111,2012-06-28,1000030
NLA12_ID-112,2012-07-12,7163
NLA12_ID-112,2012-08-14,7913
NLA12_ID-113,2012-07-03,6958
NLA12_ID-114,,
NLA12_ID-115,,
NLA12_ID-116,,
NLA12_ID-117,,
NLA12_ID-118,,
NLA12_ID-119,,
NLA12_ID-120,,
NLA12_ID-121,2012-07-14,7188
NLA12_ID-122,2012-07-31,7588
NLA12_ID-123,,
NLA12_ID-124,,
NLA12_ID-125,,
NLA12_ID-126,,
NLA12_ID-127,,
NLA12_ID-128,,
NLA12_ID-129,,
NLA12_ID-130,,
NLA12_ID-131,,
NLA12_ID-132,,
NLA12_ID-133,,
NLA12_ID-134,,
NLA12_ID-135,,
NLA12_ID-136,,
NLA12_ID-137,,
NLA12_ID-138,,
NLA12_ID-139,,
NLA12_ID-140,,
NLA12_ID-141,2012-07-03,6940
NLA12_ID-142,2012-07-27,7477
NLA12_ID-143,2012-08-06,1000122
NLA12_ID-144,,
NLA12_ID-145,2012-07-23,7413
NLA12_ID-146,,
NLA12_ID-147,,
NLA12_ID-148,2012-07-16,1000068
NLA12_ID-149,2012-07-15,1000067
NLA12_ID-150,,
NLA12_ID-151,2012-06-27,1000025
NLA12_ID-152,,
NLA12_ID-153,,
NLA12_ID-154,,
NLA12_ID-155,,
NLA12_ID-156,,
NLA12_ID-157,,
NLA12_ID-158,2012-07-26,7478
NLA12_ID-159,,
NLA12_ID-160,,
NLA12_ID-161,,
NLA12_ID-162,,
NLA12_ID-163,,
NLA12_ID-164,,
NLA12_ID-165,2012-07-15,7187
NLA12_ID-166,2012-07-30,7533
NLA12_ID-167,,
NLA12_ID-168,2012-07-02,6937
NLA12_ID-169,,
NLA12_ID-170,,
NLA12_ID-171,,
NLA12_ID-172,,
NLA12_ID-173,,
NLA12_ID-174,,
NLA12_ID-175,2012-07-05,6971
NLA12_ID-176,,
NLA12_ID-177,,
NLA12_ID-178,,
NLA12_ID-179,,
NLA12_ID-180,2012-08-14,1000160
NLA12_ID-181,,
NLA12_ID-182,,
NLA12_ID-183,,
NLA12_ID-184,,
NLA12_ID-185,,
NLA12_ID-186,,
NLA12_ID-187,,
NLA12_ID-188,,
NLA12_ID-189,,
NLA12_ID-190,,
NLA12_ID-191,,
NLA12_ID-192,,
NLA12_ID-193,,
NLA12_ID-194,2012-06-26,6823
NLA12_ID-195,,
NLA12_ID-196,,
NLA12_ID-197,,
NLA12_ID-198,2012-07-31,7590
NLA12_ID-199,,
NLA12_ID-200,,
NLA12_ID-201,,
NLA12_ID-202,,
NLA12_ID-203,2012-08-01,7587
NLA12_ID-204,,
NLA12_ID-205,2012-08-21,1000170
NLA12_ID-206,,
NLA12_ID-207,2012-07-12,7168
NLA12_ID-208,,
NLA12_ID-209,2012-07-05,6970
NLA12_ID-210,2012-07-24,7412
NLA12_ID-211,,
NLA12_ID-212,,
NLA12_ID-213,,
NLA12_ID-214,2012-08-08,1000137
NLA12_ID-215,2012-07-25,7479
NLA12_ID-216,2012-08-07,1000126
NLA12_ID-217,,
NLA12_ID-218,2012-08-15,1000159
NLA12_ID-219,,
NLA12_ID-220,2012-08-22,1000169
NLA12_ID-221,2012-08-16,1000158
NLA12_IL-101,2012-08-14,9020
NLA12_IL-102,,
NLA12_IL-103,2012-08-30,8327
NLA12_IL-103,2012-09-26,8778
NLA12_IL-104,2012-07-18,7249
NLA12_IL-105,2012-09-13,8556
NLA12_IL-106,2012-07-19,7282
NLA12_IL-107,,
NLA12_IL-108,,
NLA12_IL-109,2012-07-25,7446
NLA12_IL-109,2012-09-18,8624
NLA12_IL-110,2012-06-26,6809
NLA12_IL-111,2012-09-12,8499
NLA12_IL-112,2012-08-15,7933
NLA12_IL-113,,
NLA12_IL-114,2012-08-29,8303
NLA12_IL-115,,
NLA12_IL-116,2012-08-16,7973
NLA12_IL-117,,
NLA12_IL-118,2012-07-17,7217
NLA12_IL-119,,
NLA12_IL-120,2012-07-24,7385
NLA12_IL-121,,
NLA12_IL-122,,
NLA12_IL-123,2012-09-25,8764
NLA12_IL-R01,2012-06-11,6518
NLA12_IL-R03,2012-06-13,6571
NLA12_IL-R04,2012-06-12,6533
NLA12_IN-101,2012-08-01,7584
NLA12_IN-101,2012-08-13,7914
NLA12_IN-102,2012-08-09,7793
NLA12_IN-103,2012-08-15,8012
NLA12_IN-104,2012-08-22,8167
NLA12_IN-105,2012-08-07,7757
NLA12_IN-106,2012-08-09,7794
NLA12_IN-107,2012-07-24,7668
NLA12_IN-108,2012-07-23,7370
NLA12_IN-109,,
NLA12_IN-110,2012-08-06,7754
NLA12_IN-111,2012-07-31,7579
NLA12_IN-112,2012-09-05,8409
NLA12_IN-113,2012-07-30,7592
NLA12_IN-114,2012-08-16,8822
NLA12_IN-115,2012-08-22,8168
NLA12_IN-116,2012-07-19,7288
NLA12_IN-117,2012-08-29,8307
NLA12_IN-118,,
NLA12_IN-119,,
NLA12_IN-120,2012-08-14,7895
NLA12_IN-121,,
NLA12_IN-122,,
NLA12_IN-123,,
NLA12_IN-124,,
NLA12_IN-125,,
NLA12_IN-126,2012-08-31,8341
NLA12_IN-127,2012-07-31,7548
NLA12_IN-128,2012-07-26,7444
NLA12_IN-128,2012-08-17,8051
NLA12_IN-129,,
NLA12_IN-130,2012-08-01,7589
NLA12_IN-131,2012-09-05,8410
NLA12_IN-132,,
NLA12_IN-133,,
NLA12_IN-134,2012-08-06,7703
NLA12_IN-135,2012-09-18,8645
NLA12_IN-136,,
NLA12_IN-137,,
NLA12_IN-138,,
NLA12_IN-139,,
NLA12_IN-140,,
NLA12_IN-141,,
NLA12_IN-142,2012-08-29,8293
NLA12_IN-143,,
NLA12_IN-144,2012-08-08,7753
NLA12_IN-145,2012-08-13,7896
NLA12_IN-146,2012-07-18,7268
NLA12_IN-147,2012-08-02,7633
NLA12_IN-148,,
NLA12_IN-149,2012-08-14,7920
NLA12_IN-150,,
NLA12_IN-151,,
NLA12_IN-152,,
NLA12_IN-153,,
NLA12_IN-154,,
NLA12_IN-155,2012-09-19,8650
NLA12_IN-156,,
NLA12_IN-157,,
NLA12_IN-158,,
NLA12_IN-159,2012-08-10,7829
NLA12_IN-160,2012-07-25,7442
NLA12_IN-161,,
NLA12_IN-162,2012-09-06,8408
NLA12_IN-163,2012-08-17,8014
NLA12_IN-164,2012-08-08,7772
NLA12_IN-165,,
NLA12_IN-166,2012-08-07,7805
NLA12_IN-167,,
NLA12_IN-168,,
NLA12_IN-169,,
NLA12_IN-170,,
NLA12_IN-171,2012-08-20,8086
NLA12_IN-172,2012-07-25,7443
NLA12_IN-173,,
NLA12_IN-174,2012-08-20,8070
NLA12_IN-175,,
NLA12_IN-176,,
NLA12_IN-177,2012-08-01,7669
NLA12_IN-178,,
NLA12_IN-179,2012-08-14,7921
NLA12_IN-180,2012-08-21,8116
NLA12_IN-181,2012-08-02,7670
NLA12_IN-182,,
NLA12_IN-183,2012-09-07,8438
NLA12_IN-184,,
NLA12_IN-185,2012-08-16,7984
NLA12_IN-186,2012-08-16,8100
NLA12_IN-187,2012-08-14,7922
NLA12_IN-188,,
NLA12_IN-189,,
NLA12_IN-190,,
NLA12_IN-191,2012-08-30,8318
NLA12_IN-192,,
NLA12_IN-193,2012-09-12,8540
NLA12_IN-194,,
NLA12_IN-195,,
NLA12_IN-196,2012-09-12,8493
NLA12_IN-197,,
NLA12_IN-198,,
NLA12_IN-199,2012-09-13,8549
NLA12_IN-200,,
NLA12_IN-201,2012-09-19,8651
NLA12_IN-202,2012-09-24,8728
NLA12_KS-101,2012-06-19,6656
NLA12_KS-101,2012-07-05,6969
NLA12_KS-102,2012-06-12,6606
NLA12_KS-103,2012-06-06,6437
NLA12_KS-104,,
NLA12_KS-105,2012-06-13,6570
NLA12_KS-106,2012-06-26,6796
NLA12_KS-107,2012-06-27,6830
NLA12_KS-108,2012-06-04,6404
NLA12_KS-109,2012-06-05,6421
NLA12_KS-109,2012-06-21,6722
NLA12_KS-110,,
NLA12_KS-111,,
NLA12_KS-112,,
NLA12_KS-113,,
NLA12_KS-114,2012-05-22,6243
NLA12_KS-115,,
NLA12_KS-116,,
NLA12_KS-117,,
NLA12_KS-118,,
NLA12_KS-119,,
NLA12_KS-120,,
NLA12_KS-121,2012-06-28,6851
NLA12_KS-122,2012-07-02,6927
NLA12_KS-123,,
NLA12_KS-124,2012-06-14,6609
NLA12_KS-125,2012-06-08,6485
NLA12_KS-126,2012-06-25,6781
NLA12_KS-127,,
NLA12_KS-128,,
NLA12_KS-129,,
NLA12_KS-130,2012-05-30,6346
NLA12_KS-131,,
NLA12_KS-132,,
NLA12_KS-133,,
NLA12_KS-134,,
NLA12_KS-135,,
NLA12_KS-136,,
NLA12_KS-137,,
NLA12_KS-138,2012-06-11,6524
NLA12_KS-R02,2012-06-07,6456
NLA12_KS-R07,2012-06-14,6584
NLA12_KS-R08,2012-06-13,6564
NLA12_KS-R11,2012-06-15,6613
NLA12_KY-101,2012-05-24,6284
NLA12_KY-101,2012-07-02,6946
NLA12_KY-102,2012-06-01,6396
NLA12_KY-103,2012-05-25,6303
NLA12_KY-104,2012-05-30,6345
NLA12_KY-105,,
NLA12_KY-106,,
NLA12_KY-107,2012-05-23,6285
NLA12_KY-107,2012-07-02,6939
NLA12_KY-108,,
NLA12_KY-109,,
NLA12_KY-110,,
NLA12_KY-111,,
NLA12_KY-112,,
NLA12_KY-113,,
NLA12_KY-114,2012-06-04,6411
NLA12_KY-115,,
NLA12_KY-116,2012-07-01,6945
NLA12_KY-117,2012-06-05,6428
NLA12_KY-118,,
NLA12_KY-119,,
NLA12_KY-120,2012-05-31,6373
NLA12_KY-121,,
NLA12_KY-122,2012-06-03,6374
NLA12_LA-101,2012-06-12,6572
NLA12_LA-101,2012-06-26,6866
NLA12_LA-102,2012-06-17,6628
NLA12_LA-103,2012-06-19,6661
NLA12_LA-104,2012-06-20,6718
NLA12_LA-105,2012-06-18,6643
NLA12_LA-106,2012-06-22,6754
NLA12_LA-107,,
NLA12_LA-108,,
NLA12_LA-109,2012-06-24,6755
NLA12_LA-110,,
NLA12_LA-111,,
NLA12_LA-112,,
NLA12_LA-113,,
NLA12_LA-114,,
NLA12_LA-115,,
NLA12_LA-116,,
NLA12_LA-117,,
NLA12_LA-118,,
NLA12_LA-119,,
NLA12_LA-120,,
NLA12_LA-121,,
NLA12_LA-122,,
NLA12_LA-123,,
NLA12_LA-124,,
NLA12_LA-125,,
NLA12_LA-126,,
NLA12_LA-127,,
NLA12_LA-128,,
NLA12_LA-129,,
NLA12_LA-130,,
NLA12_LA-131,,
NLA12_LA-132,,
NLA12_LA-133,,
NLA12_LA-134,2012-06-14,6603
NLA12_LA-134,2012-06-28,6856
NLA12_LA-135,,
NLA12_LA-136,,
NLA12_LA-137,,
NLA12_LA-138,,
NLA12_LA-139,,
NLA12_LA-140,,
NLA12_LA-141,2012-06-25,6797
NLA12_LA-142,,
NLA12_LA-143,,
NLA12_LA-144,,
NLA12_LA-145,,
NLA12_LA-146,,
NLA12_LA-147,,
NLA12_LA-148,,
NLA12_LA-149,,
NLA12_LA-150,,
NLA12_LA-151,,
NLA12_LA-152,2012-06-19,6662
NLA12_LA-153,,
NLA12_LA-154,2012-06-21,6723
NLA12_LA-155,2012-06-21,6724
NLA12_LA-156,,
NLA12_LA-157,,
NLA12_LA-158,,
NLA12_LA-159,,
NLA12_LA-160,,
NLA12_LA-161,2012-06-18,6644
NLA12_LA-162,,
NLA12_LA-163,,
NLA12_LA-164,,
NLA12_LA-165,,
NLA12_LA-166,,
NLA12_LA-167,,
NLA12_LA-168,,
NLA12_LA-169,,
NLA12_LA-170,,
NLA12_LA-171,,
NLA12_LA-172,2012-06-29,6918
NLA12_MA-101,2012-09-07,8436
NLA12_MA-101,2012-09-21,8672
NLA12_MA-102,2012-09-11,8494
NLA12_MA-103,2012-09-17,8613
NLA12_MA-104,2012-09-12,8497
NLA12_MA-105,2012-09-06,8437
NLA12_MA-105,2012-09-20,8652
NLA12_MA-106,2012-09-13,8555
NLA12_MA-107,,
NLA12_MA-108,2012-09-10,8457
NLA12_MA-109,2012-09-14,8590
NLA12_MA-110,2012-09-16,8599
NLA12_MA-111,2012-09-09,8443
NLA12_MD-101,2012-07-05,6968
NLA12_MD-101,2012-08-28,8285
NLA12_MD-102,2012-06-25,6777
NLA12_MD-103,2012-07-19,7298
NLA12_MD-104,2012-08-15,7955
NLA12_MD-105,2012-06-28,6905
NLA12_MD-105,2012-08-16,7983
NLA12_MD-106,,
NLA12_MD-107,,
NLA12_MD-108,2012-07-31,7558
NLA12_MD-109,,
NLA12_MD-110,,
NLA12_MD-111,,
NLA12_MD-113,,
NLA12_MD-114,,
NLA12_MD-115,2012-07-17,7219
NLA12_MD-116,,
NLA12_MD-117,,
NLA12_MD-118,2012-07-30,7527
NLA12_ME-101,2012-08-08,7773
NLA12_ME-101,2012-09-10,8473
NLA12_ME-102,2012-08-13,7917
NLA12_ME-103,2012-08-01,7597
NLA12_ME-104,2012-08-20,8128
NLA12_ME-105,2012-08-21,8142
NLA12_ME-106,2012-07-31,7570
NLA12_ME-107,2012-08-23,8185
NLA12_ME-108,2012-09-05,8407
NLA12_ME-109,2012-07-25,7463
NLA12_ME-110,2012-07-30,7534
NLA12_ME-111,,
NLA12_ME-112,,
NLA12_ME-113,2012-09-13,8598
NLA12_ME-114,2012-07-18,7314
NLA12_ME-115,2012-08-29,8314
NLA12_ME-116,2012-08-14,7923
NLA12_ME-117,,
NLA12_ME-118,2012-08-15,8015
NLA12_ME-119,,
NLA12_ME-120,2012-08-09,7819
NLA12_ME-121,2012-08-02,7650
NLA12_ME-122,2012-08-22,8154
NLA12_ME-123,,
NLA12_ME-124,,
NLA12_ME-125,,
NLA12_ME-126,2012-08-07,7774
NLA12_ME-126,2012-08-27,8253
NLA12_ME-127,,
NLA12_ME-128,,
NLA12_ME-129,2012-08-17,8013
NLA12_ME-130,2012-08-06,7706
NLA12_ME-131,,
NLA12_ME-132,,
NLA12_ME-133,,
NLA12_ME-134,2012-07-24,7420
NLA12_ME-135,2012-09-04,8363
NLA12_ME-136,,
NLA12_ME-137,2012-09-12,8489
NLA12_ME-R02,2012-07-20,7390
NLA12_ME-R03,2012-07-26,7474
NLA12_ME-R06,2012-07-24,7430
NLA12_ME-R07,2012-08-14,7941
NLA12_ME-R08,2012-07-21,7389
NLA12_ME-R10,2012-07-23,7431
NLA12_ME-R11,2012-07-19,7297
NLA12_ME-R15,2012-07-25,7429
NLA12_MI-101,2012-07-11,7103
NLA12_MI-101,2012-08-21,1000164
NLA12_MI-102,2012-07-24,1000092
NLA12_MI-103,2012-08-17,1000162
NLA12_MI-104,2012-07-17,1000070
NLA12_MI-105,2012-07-11,1000056
NLA12_MI-106,2012-08-16,1000156
NLA12_MI-107,2012-08-15,1000153
NLA12_MI-108,2012-07-16,1000066
NLA12_MI-109,2012-07-11,1000052
NLA12_MI-110,2012-07-25,1000094
NLA12_MI-111,2012-07-05,7001
NLA12_MI-112,2012-07-19,1000080
NLA12_MI-113,2012-08-22,1000168
NLA12_MI-114,2012-07-06,7002
NLA12_MI-115,2012-07-19,1000081
NLA12_MI-116,2012-08-07,1000123
NLA12_MI-117,2012-07-24,1000091
NLA12_MI-118,2012-07-31,1000106
NLA12_MI-119,,
NLA12_MI-120,2012-07-17,1000072
NLA12_MI-121,,
NLA12_MI-122,2012-08-14,1000148
NLA12_MI-123,2012-07-26,1000098
NLA12_MI-124,2012-07-10,1000047
NLA12_MI-125,2012-08-08,7795
NLA12_MI-126,2012-08-16,1000157
NLA12_MI-127,,
NLA12_MI-128,2012-07-18,1000076
NLA12_MI-129,2012-07-25,1000096
NLA12_MI-130,2012-08-17,1000161
NLA12_MI-131,,
NLA12_MI-132,2012-07-31,1000105
NLA12_MI-133,2012-08-15,1000152
NLA12_MI-134,2012-08-06,1000143
NLA12_MI-135,2012-07-06,7004
NLA12_MI-136,2012-07-12,1000055
NLA12_MI-137,2012-08-02,1000117
NLA12_MI-138,2012-08-14,1000146
NLA12_MI-139,2012-07-10,1000046
NLA12_MI-139,2012-08-22,1000166
NLA12_MI-140,,
NLA12_MI-141,2012-08-08,1000132
NLA12_MI-142,2012-08-21,1000163
NLA12_MI-143,,
NLA12_MI-144,2012-07-17,7251
NLA12_MI-145,2012-08-23,1000172
NLA12_MI-146,2012-08-06,1000142
NLA12_MI-147,2012-07-23,1000199
NLA12_MI-148,2012-08-01,1000112
NLA12_MI-149,,
NLA12_MI-150,2012-08-07,7787
NLA12_MI-151,2012-07-09,1000043
NLA12_MI-152,2012-07-18,1000075
NLA12_MI-153,,
NLA12_MI-154,,
NLA12_MI-155,2012-07-05,7005
NLA12_MI-156,,
NLA12_MI-157,,
NLA12_MI-158,,
NLA12_MI-159,,
NLA12_MI-160,,
NLA12_MI-161,2012-07-26,1000099
NLA12_MI-162,2012-07-30,1000103
NLA12_MI-163,,
NLA12_MI-164,2012-08-03,1000120
NLA12_MI-165,2012-07-27,1000101
NLA12_MI-166,,
NLA12_MI-167,2012-07-12,1000058
NLA12_MI-168,2012-07-19,1000079
NLA12_MI-169,2012-08-01,1000111
NLA12_MI-170,,
NLA12_MI-171,,
NLA12_MI-172,2012-08-23,1000173
NLA12_MI-173,,
NLA12_MI-174,,
NLA12_MI-175,,
NLA12_MI-176,,
NLA12_MI-177,2012-08-28,1000186
NLA12_MI-178,2012-08-29,1000191
NLA12_MI-R08,2012-06-20,6680
NLA12_MI-R09,2012-06-21,6741
NLA12_MN-101,2012-07-11,7124
NLA12_MN-101,2012-08-29,8308
NLA12_MN-102,2012-06-19,6663
NLA12_MN-103,2012-08-07,7748
NLA12_MN-104,2012-07-31,7573
NLA12_MN-105,2012-06-26,6798
NLA12_MN-106,2012-08-08,7765
NLA12_MN-107,2012-06-13,6602
NLA12_MN-108,2012-06-19,6686
NLA12_MN-109,2012-06-25,6816
NLA12_MN-110,2012-07-25,7411
NLA12_MN-111,2012-06-07,6472
NLA12_MN-112,2012-08-14,7942
NLA12_MN-113,2012-07-17,7243
NLA12_MN-114,2012-08-15,7971
NLA12_MN-115,2012-08-08,7767
NLA12_MN-116,2012-07-12,7141
NLA12_MN-117,2012-08-22,8161
NLA12_MN-118,2012-06-07,6471
NLA12_MN-119,2012-08-07,7737
NLA12_MN-120,2012-06-12,6547
NLA12_MN-121,2012-08-06,7723
NLA12_MN-122,2012-06-12,6548
NLA12_MN-123,2012-07-10,7061
NLA12_MN-123,2012-08-28,8283
NLA12_MN-124,2012-07-02,7003
NLA12_MN-125,2012-07-18,7397
NLA12_MN-126,2012-07-24,7381
NLA12_MN-127,2012-08-21,8087
NLA12_MN-128,,
NLA12_MN-129,,
NLA12_MN-130,2012-06-21,6721
NLA12_MN-131,2012-07-31,7574
NLA12_MN-132,2012-06-11,6526
NLA12_MN-133,,
NLA12_MN-134,,
NLA12_MN-135,2012-08-14,7945
NLA12_MN-136,2012-08-21,8135
NLA12_MN-137,2012-06-13,6574
NLA12_MN-138,2012-06-28,6870
NLA12_MN-139,2012-07-16,7398
NLA12_MN-140,,
NLA12_MN-141,2012-07-24,7403
NLA12_MN-142,2012-07-26,7434
NLA12_MN-143,2012-08-01,7581
NLA12_MN-144,2012-08-28,8295
NLA12_MN-145,2012-06-06,6470
NLA12_MN-146,,
NLA12_MN-147,2012-07-10,7052
NLA12_MN-148,,
NLA12_MN-149,,
NLA12_MN-150,2012-06-27,6839
NLA12_MN-151,,
NLA12_MN-152,2012-08-14,7924
NLA12_MN-153,2012-06-28,6876
NLA12_MN-154,,
NLA12_MN-155,2012-08-27,8354
NLA12_MN-156,,
NLA12_MN-157,2012-07-25,7425
NLA12_MN-158,2012-08-22,8141
NLA12_MN-159,,
NLA12_MN-160,2012-08-10,7828
NLA12_MN-161,,
NLA12_MN-162,2012-09-06,8404
NLA12_MN-163,2012-06-21,6716
NLA12_MN-164,,
NLA12_MN-165,2012-07-13,8561
NLA12_MN-166,,
NLA12_MN-167,2012-08-09,7815
NLA12_MN-168,,
NLA12_MN-169,,
NLA12_MN-170,2012-09-05,8405
NLA12_MN-171,2012-08-28,8284
NLA12_MN-172,2012-07-11,8560
NLA12_MN-173,,
NLA12_MN-174,,
NLA12_MN-175,,
NLA12_MN-176,,
NLA12_MN-177,2012-08-09,7802
NLA12_MN-178,,
NLA12_MN-179,,
NLA12_MN-180,2012-09-05,8397
NLA12_MN-181,2012-09-05,8396
NLA12_MN-R01,2012-07-24,7432
NLA12_MN-R12,2012-07-25,7419
NLA12_MN-R13,2012-07-26,7464
NLA12_MN-R14,2012-07-27,7500
NLA12_MO-101,2012-07-24,7416
NLA12_MO-101,2012-09-20,8660
NLA12_MO-102,2012-09-27,8813
NLA12_MO-103,2012-07-17,7255
NLA12_MO-104,2012-06-21,6746
NLA12_MO-105,2012-08-14,7911
NLA12_MO-106,2012-09-13,8554
NLA12_MO-107,2012-06-07,6517
NLA12_MO-108,2012-07-05,6992
NLA12_MO-108,2012-08-15,7974
NLA12_MO-109,2012-06-05,6462
NLA12_MO-110,2012-08-13,7912
NLA12_MO-111,,
NLA12_MO-112,,
NLA12_MO-113,,
NLA12_MO-114,,
NLA12_MO-115,2012-07-11,7132
NLA12_MO-116,,
NLA12_MO-117,2012-06-21,6747
NLA12_MO-118,,
NLA12_MO-119,2012-06-14,6614
NLA12_MO-120,2012-09-06,8416
NLA12_MO-121,,
NLA12_MO-122,2012-08-29,8289
NLA12_MO-123,2012-08-21,8118
NLA12_MO-124,,
NLA12_MO-125,,
NLA12_MO-126,2012-08-28,8290
NLA12_MO-R01,2012-07-11,7086
NLA12_MO-R02,2012-07-10,7042
NLA12_MS-101,2012-06-09,6534
NLA12_MS-101,2012-07-27,7501
NLA12_MS-102,2012-06-10,6535
NLA12_MS-103,2012-07-23,7372
NLA12_MS-104,2012-06-08,6536
NLA12_MS-105,2012-07-25,7433
NLA12_MS-106,2012-06-02,6415
NLA12_MS-107,2012-06-04,6414
NLA12_MS-108,,
NLA12_MS-109,,
NLA12_MS-110,,
NLA12_MS-111,,
NLA12_MS-112,2012-07-29,7503
NLA12_MS-113,2012-07-31,7571
NLA12_MS-114,,
NLA12_MS-115,,
NLA12_MS-116,2012-06-05,1000001
NLA12_MS-116,2012-08-01,7620
NLA12_MS-117,,
NLA12_MS-118,,
NLA12_MS-119,2012-06-07,1000011
NLA12_MS-120,,
NLA12_MS-121,,
NLA12_MS-122,,
NLA12_MS-123,,
NLA12_MS-124,,
NLA12_MS-125,2012-07-28,7504
NLA12_MS-126,2012-07-24,7404
NLA12_MS-127,,
NLA12_MS-128,2012-07-30,7535
NLA12_MS-R03,2012-06-06,1000010
NLA12_MT-101,,
NLA12_MT-102,2012-08-20,8069
NLA12_MT-102,2012-09-10,8472
NLA12_MT-103,2012-08-29,8302
NLA12_MT-104,2012-06-12,6542
NLA12_MT-105,2012-09-11,8476
NLA12_MT-106,2012-07-20,7321
NLA12_MT-107,2012-07-09,7022
NLA12_MT-108,2012-07-11,7133
NLA12_MT-109,2012-06-19,6664
NLA12_MT-110,2012-08-01,7623
NLA12_MT-111,2012-09-12,8486
NLA12_MT-112,,
NLA12_MT-113,2012-06-05,6427
NLA12_MT-114,,
NLA12_MT-115,,
NLA12_MT-116,,
NLA12_MT-117,,
NLA12_MT-118,2012-06-20,6696
NLA12_MT-119,2012-08-30,8328
NLA12_MT-120,2012-08-22,8155
NLA12_MT-121,,
NLA12_MT-122,,
NLA12_MT-123,,
NLA12_MT-124,2012-08-06,7713
NLA12_MT-125,,
NLA12_MT-126,2012-06-26,6799
NLA12_MT-127,,
NLA12_MT-128,,
NLA12_MT-129,,
NLA12_MT-130,,
NLA12_MT-131,,
NLA12_MT-132,,
NLA12_MT-133,,
NLA12_MT-134,,
NLA12_MT-135,2012-08-28,8278
NLA12_MT-136,2012-08-21,8130
NLA12_MT-137,,
NLA12_MT-138,2012-06-21,6742
NLA12_MT-139,,
NLA12_MT-140,2012-08-14,7925
NLA12_MT-141,,
NLA12_MT-142,2012-06-28,6888
NLA12_MT-143,2012-07-10,7065
NLA12_MT-144,2012-08-16,8008
NLA12_MT-145,,
NLA12_MT-146,,
NLA12_MT-147,,
NLA12_MT-148,,
NLA12_MT-149,,
NLA12_MT-150,,
NLA12_MT-151,2012-08-27,8250
NLA12_MT-152,2012-07-31,7625
NLA12_MT-153,,
NLA12_MT-154,2012-06-27,6821
NLA12_MT-155,,
NLA12_MT-156,2012-07-26,7472
NLA12_MT-157,,
NLA12_MT-158,,
NLA12_MT-159,,
NLA12_MT-160,2012-07-26,7471
NLA12_MT-161,2012-09-05,8385
NLA12_MT-162,2012-09-18,8641
NLA12_MT-163,,
NLA12_MT-164,2012-08-23,8200
NLA12_MT-164,2012-09-13,8543
NLA12_MT-165,,
NLA12_MT-166,,
NLA12_MT-167,,
NLA12_MT-168,,
NLA12_MT-169,,
NLA12_MT-170,,
NLA12_MT-171,,
NLA12_MT-172,,
NLA12_MT-173,,
NLA12_MT-174,,
NLA12_MT-175,,
NLA12_MT-176,,
NLA12_MT-177,2012-09-06,8435
NLA12_NC-101,2012-06-03,6399
NLA12_NC-101,2012-08-17,8045
NLA12_NC-102,,
NLA12_NC-103,2012-06-07,6504
NLA12_NC-104,2012-08-08,7770
NLA12_NC-105,2012-05-30,6359
NLA12_NC-106,,
NLA12_NC-107,2012-05-23,6286
NLA12_NC-108,2012-06-02,6400
NLA12_NC-109,2012-06-04,6398
NLA12_NC-110,,
NLA12_NC-111,,
NLA12_NC-112,,
NLA12_NC-113,,
NLA12_NC-114,2012-08-20,8123
NLA12_NC-115,2012-08-11,7846
NLA12_NC-116,2012-06-06,6469
NLA12_NC-116,2012-08-18,8044
NLA12_NC-117,,
NLA12_NC-118,,
NLA12_NC-119,,
NLA12_NC-120,,
NLA12_NC-121,,
NLA12_NC-122,,
NLA12_NC-123,,
NLA12_NC-124,2012-08-10,7845
NLA12_NC-125,,
NLA12_NC-126,,
NLA12_NC-127,2012-08-09,7816
NLA12_NC-128,,
NLA12_NC-129,,
NLA12_NC-130,,
NLA12_NC-131,,
NLA12_NC-132,,
NLA12_NC-133,,
NLA12_NC-134,2012-08-22,8171
NLA12_ND-101,2012-05-30,6344
NLA12_ND-101,2012-07-09,7039
NLA12_ND-102,2012-06-27,6841
NLA12_ND-103,2012-07-30,7518
NLA12_ND-104,2012-06-07,6475
NLA12_ND-105,2012-08-22,8156
NLA12_ND-106,2012-07-05,6981
NLA12_ND-107,2012-07-10,7068
NLA12_ND-108,2012-06-18,6645
NLA12_ND-109,2012-07-24,7384
NLA12_ND-110,2012-06-13,6566
NLA12_ND-111,,
NLA12_ND-112,2012-05-15,6217
NLA12_ND-113,2012-08-20,8127
NLA12_ND-114,2012-07-23,7350
NLA12_ND-115,2012-05-16,6189
NLA12_ND-115,2012-06-25,6774
NLA12_ND-116,,
NLA12_ND-117,2012-06-27,6855
NLA12_ND-118,2012-06-07,6476
NLA12_ND-119,2012-06-28,6852
NLA12_ND-120,,
NLA12_ND-121,2012-07-10,7212
NLA12_ND-122,,
NLA12_ND-123,,
NLA12_ND-124,,
NLA12_ND-125,,
NLA12_ND-126,2012-06-19,6654
NLA12_ND-127,,
NLA12_ND-128,,
NLA12_ND-129,2012-07-27,7482
NLA12_ND-130,,
NLA12_ND-131,2012-08-06,7707
NLA12_ND-132,,
NLA12_ND-133,,
NLA12_ND-134,2012-07-10,7067
NLA12_ND-135,,
NLA12_ND-136,,
NLA12_ND-137,,
NLA12_ND-138,,
NLA12_ND-139,2012-06-12,6538
NLA12_ND-140,,
NLA12_ND-141,,
NLA12_ND-142,,
NLA12_ND-143,,
NLA12_ND-144,,
NLA12_ND-145,2012-08-06,7701
NLA12_ND-146,2012-06-12,6546
NLA12_ND-147,,
NLA12_ND-148,,
NLA12_ND-149,2012-07-25,7417
NLA12_ND-150,,
NLA12_ND-151,2012-06-20,6697
NLA12_ND-152,,
NLA12_ND-153,,
NLA12_ND-154,,
NLA12_ND-155,2012-06-20,6693
NLA12_ND-156,2012-08-13,7858
NLA12_ND-157,,
NLA12_ND-158,,
NLA12_ND-159,,
NLA12_ND-160,2012-07-31,7543
NLA12_ND-161,,
NLA12_ND-162,2012-06-13,6577
NLA12_ND-163,2012-06-14,6599
NLA12_ND-164,2012-07-25,7418
NLA12_ND-165,,
NLA12_ND-166,,
NLA12_ND-167,2012-06-28,6853
NLA12_ND-168,,
NLA12_ND-169,,
NLA12_ND-170,,
NLA12_ND-171,,
NLA12_ND-172,2012-07-30,7526
NLA12_ND-173,2012-06-21,6717
NLA12_ND-174,,
NLA12_ND-175,,
NLA12_ND-176,,
NLA12_ND-177,,
NLA12_ND-178,2012-06-14,6594
NLA12_ND-179,,
NLA12_ND-180,,
NLA12_ND-181,,
NLA12_ND-182,,
NLA12_ND-183,,
NLA12_ND-184,,
NLA12_ND-185,,
NLA12_ND-186,2012-06-18,6636
NLA12_ND-187,2012-06-26,6865
NLA12_ND-188,,
NLA12_ND-189,,
NLA12_ND-190,2012-08-02,7649
NLA12_ND-191,,
NLA12_ND-192,,
NLA12_ND-193,2012-07-26,7449
NLA12_ND-194,2012-07-31,7559
NLA12_ND-195,,
NLA12_ND-196,2012-07-05,6964
NLA12_ND-197,,
NLA12_ND-198,2012-08-01,7645
NLA12_ND-199,2012-08-22,8150
NLA12_ND-200,,
NLA12_ND-201,,
NLA12_ND-202,2012-08-02,7644
NLA12_ND-R17,2012-09-20,8661
NLA12_ND-R18,2012-09-20,8662
NLA12_NE-101,2012-07-22,7344
NLA12_NE-101,2012-08-26,8229
NLA12_NE-102,2012-08-18,8067
NLA12_NE-103,2012-07-19,1000085
NLA12_NE-104,2012-07-23,1000088
NLA12_NE-105,2012-08-17,8028
NLA12_NE-106,2012-07-23,7369
NLA12_NE-107,2012-08-08,7775
NLA12_NE-108,2012-08-17,8029
NLA12_NE-109,2012-07-20,1000084
NLA12_NE-110,2012-07-24,7405
NLA12_NE-111,2012-08-10,7830
NLA12_NE-112,2012-08-12,7840
NLA12_NE-113,2012-08-19,8066
NLA12_NE-114,2012-07-22,1000086
NLA12_NE-115,,
NLA12_NE-116,2012-08-22,1000175
NLA12_NE-117,,
NLA12_NE-118,,
NLA12_NE-119,2012-08-09,1000140
NLA12_NE-120,2012-08-20,1000177
NLA12_NE-121,2012-08-15,7960
NLA12_NE-122,,
NLA12_NE-123,,
NLA12_NE-124,,
NLA12_NE-125,2012-08-14,7926
NLA12_NE-126,,
NLA12_NE-127,2012-08-22,8159
NLA12_NE-128,,
NLA12_NE-129,2012-07-25,7435
NLA12_NE-129,2012-08-28,8279
NLA12_NE-130,,
NLA12_NE-131,,
NLA12_NE-132,,
NLA12_NE-133,2012-07-24,1000093
NLA12_NE-134,,
NLA12_NE-135,2012-08-21,8124
NLA12_NE-136,2012-08-20,1000176
NLA12_NE-137,,
NLA12_NE-138,,
NLA12_NE-139,,
NLA12_NE-140,2012-08-23,1000174
NLA12_NE-141,,
NLA12_NE-142,,
NLA12_NE-143,,
NLA12_NE-144,2012-08-13,1000145
NLA12_NE-145,,
NLA12_NE-146,,
NLA12_NE-147,,
NLA12_NE-148,,
NLA12_NE-149,2012-08-24,8243
NLA12_NE-150,,
NLA12_NE-151,,
NLA12_NE-152,,
NLA12_NE-153,,
NLA12_NE-154,2012-08-26,8220
NLA12_NE-155,,
NLA12_NE-156,2012-08-24,8221
NLA12_NE-157,2012-08-29,8301
NLA12_NE-158,2012-08-30,8326
NLA12_NE-159,,
NLA12_NE-160,2012-08-23,8186
NLA12_NE-161,,
NLA12_NE-162,,
NLA12_NE-163,,
NLA12_NE-164,,
NLA12_NE-165,,
NLA12_NE-166,2012-08-25,8242
NLA12_NE-167,,
NLA12_NE-168,,
NLA12_NE-169,,
NLA12_NE-170,2012-08-27,8248
NLA12_NH-101,2012-06-19,6670
NLA12_NH-101,2012-07-24,7380
NLA12_NH-102,2012-07-11,7104
NLA12_NH-103,2012-06-28,6858
NLA12_NH-104,2012-06-14,6601
NLA12_NH-105,2012-06-26,6812
NLA12_NH-106,,
NLA12_NH-107,2012-07-31,7544
NLA12_NH-108,2012-06-12,6549
NLA12_NH-109,2012-07-19,7295
NLA12_NH-110,,
NLA12_NH-111,2012-07-17,7231
NLA12_NH-112,2012-06-21,6715
NLA12_NH-112,2012-07-26,7441
NLA12_NH-113,2012-08-07,1000128
NLA12_NH-114,2012-08-07,1000129
NLA12_NH-115,2012-08-07,1000130
NLA12_NH-R04,2012-06-18,6690
NLA12_NJ-101,2012-07-13,7210
NLA12_NJ-101,2012-09-19,8659
NLA12_NJ-102,2012-07-12,7151
NLA12_NJ-103,2012-09-21,8676
NLA12_NJ-104,2012-07-15,7209
NLA12_NJ-105,2012-09-13,8545
NLA12_NJ-106,2012-09-14,8591
NLA12_NJ-107,2012-06-26,6800
NLA12_NJ-108,2012-09-25,8761
NLA12_NJ-118,2012-07-10,7058
NLA12_NJ-119,2012-07-11,7152
NLA12_NJ-131,2012-07-09,7043
NLA12_NJ-131,2012-09-18,8640
NLA12_NJ-R01,2012-09-20,8675
NLA12_NM-101,,
NLA12_NM-102,2012-05-31,6708
NLA12_NM-103,,
NLA12_NM-104,2012-06-01,6372
NLA12_NM-104,2012-08-15,8052
NLA12_NM-105,2012-05-30,6361
NLA12_NM-106,,
NLA12_NM-107,,
NLA12_NM-108,,
NLA12_NM-109,,
NLA12_NM-110,,
NLA12_NM-111,,
NLA12_NM-112,,
NLA12_NM-113,,
NLA12_NM-114,,
NLA12_NM-115,,
NLA12_NM-116,,
NLA12_NM-117,2012-06-03,6403
NLA12_NM-117,2012-08-19,8073
NLA12_NM-118,,
NLA12_NM-119,,
NLA12_NM-120,,
NLA12_NM-121,,
NLA12_NM-122,,
NLA12_NM-123,,
NLA12_NM-124,,
NLA12_NM-125,,
NLA12_NM-126,,
NLA12_NM-127,,
NLA12_NM-128,,
NLA12_NM-129,2012-06-10,6507
NLA12_NM-130,,
NLA12_NM-131,,
NLA12_NM-132,2012-05-28,6319
NLA12_NM-133,2012-06-04,6412
NLA12_NM-134,2012-06-07,6500
NLA12_NM-135,,
NLA12_NM-136,,
NLA12_NM-137,,
NLA12_NM-138,2012-06-08,6501
NLA12_NM-139,,
NLA12_NM-140,,
NLA12_NM-141,,
NLA12_NM-142,,
NLA12_NM-143,,
NLA12_NM-144,,
NLA12_NM-145,,
NLA12_NM-146,,
NLA12_NM-147,,
NLA12_NM-148,,
NLA12_NM-149,,
NLA12_NM-150,2012-06-06,6477
NLA12_NM-151,,
NLA12_NM-152,2012-05-29,6341
NLA12_NM-153,,
NLA12_NM-154,,
NLA12_NM-155,,
NLA12_NM-156,,
NLA12_NM-157,2012-06-12,6709
NLA12_NM-158,,
NLA12_NM-159,,
NLA12_NM-160,2012-06-11,6532
NLA12_NM-161,2012-08-16,8048
NLA12_NM-162,2012-08-17,8053
NLA12_NV-101,2012-06-06,6482
NLA12_NV-101,2012-07-17,7278
NLA12_NV-102,2012-06-20,6720
NLA12_NV-103,2012-06-19,6719
NLA12_NV-104,2012-07-12,7137
NLA12_NV-105,2012-07-11,7135
NLA12_NV-106,2012-06-07,6481
NLA12_NV-107,,
NLA12_NV-108,,
NLA12_NV-109,2012-06-27,6829
NLA12_NV-110,,
NLA12_NV-111,,
NLA12_NV-112,,
NLA12_NV-113,2012-06-07,9022
NLA12_NV-114,,
NLA12_NV-115,,
NLA12_NV-116,,
NLA12_NV-117,,
NLA12_NV-118,,
NLA12_NV-119,2012-07-10,7136
NLA12_NV-119,2012-07-18,7277
NLA12_NV-120,,
NLA12_NV-121,,
NLA12_NV-122,,
NLA12_NV-123,,
NLA12_NV-124,,
NLA12_NV-125,,
NLA12_NV-126,,
NLA12_NV-127,2012-06-12,6617
NLA12_NV-128,,
NLA12_NV-129,,
NLA12_NV-131,,
NLA12_NV-133,,
NLA12_NV-134,,
NLA12_NV-135,2012-06-13,9021
NLA12_NV-136,,
NLA12_NV-137,2012-07-16,7276
NLA12_NV-138,,
NLA12_NV-139,,
NLA12_NV-140,,
NLA12_NV-141,2012-06-25,6775
NLA12_NV-142,,
NLA12_NV-143,,
NLA12_NV-144,2012-07-19,7306
NLA12_NV-145,,
NLA12_NV-146,,
NLA12_NV-147,,
NLA12_NV-148,,
NLA12_NV-149,,
NLA12_NV-150,,
NLA12_NV-151,2012-06-13,9023
NLA12_NV-152,,
NLA12_NV-153,,
NLA12_NV-154,,
NLA12_NV-155,,
NLA12_NV-156,,
NLA12_NV-157,,
NLA12_NV-158,,
NLA12_NV-159,,
NLA12_NV-160,,
NLA12_NV-161,,
NLA12_NV-162,,
NLA12_NV-163,,
NLA12_NV-164,,
NLA12_NV-165,,
NLA12_NV-166,,
NLA12_NV-167,2012-06-14,6618
NLA12_NV-168,,
NLA12_NV-169,,
NLA12_NV-170,,
NLA12_NV-171,,
NLA12_NV-172,,
NLA12_NV-173,,
NLA12_NV-174,,
NLA12_NV-175,,
NLA12_NV-176,,
NLA12_NV-177,2012-07-17,7275
NLA12_NV-178,,
NLA12_NV-179,,
NLA12_NV-180,,
NLA12_NV-181,,
NLA12_NV-182,,
NLA12_NV-183,,
NLA12_NV-184,,
NLA12_NV-185,,
NLA12_NV-186,,
NLA12_NV-187,,
NLA12_NV-188,,
NLA12_NV-189,,
NLA12_NV-190,,
NLA12_NV-191,,
NLA12_NV-192,,
NLA12_NV-193,2012-06-26,6793
NLA12_NV-R01,2012-07-25,7465
NLA12_NY-0101,2012-06-20,6694
NLA12_NY-0101,2012-09-13,8546
NLA12_NY-0102,2012-06-27,6834
NLA12_NY-0103,2012-09-19,8647
NLA12_NY-0104,2012-06-13,6576
NLA12_NY-0104,2012-08-15,7954
NLA12_NY-0105,,
NLA12_NY-0106,2012-07-12,7190
NLA12_NY-0107,2012-09-01,8671
NLA12_NY-0108,2012-07-27,7490
NLA12_NY-0109,2012-07-18,7266
NLA12_NY-0110,2012-07-15,7206
NLA12_NY-0111,2012-07-16,7284
NLA12_NY-0112,2012-09-14,8597
NLA12_NY-R02,2012-07-11,7174
NLA12_NY-R03,2012-07-24,7422
NLA12_NY-R04,2012-07-20,7339
NLA12_NY-R06,2012-07-25,7421
NLA12_NY-R07,2012-07-22,7377
NLA12_NY-R08,2012-07-17,7287
NLA12_NY-R11,2012-07-19,7340
NLA12_OH-101,2012-08-16,8023
NLA12_OH-101,2012-09-05,8387
NLA12_OH-102,2012-07-31,7572
NLA12_OH-103,2012-07-02,6923
NLA12_OH-104,2012-08-22,8151
NLA12_OH-105,2012-09-18,8635
NLA12_OH-106,2012-08-27,8256
NLA12_OH-107,2012-08-20,8075
NLA12_OH-108,,
NLA12_OH-109,,
NLA12_OH-110,,
NLA12_OH-111,,
NLA12_OH-112,2012-09-06,8423
NLA12_OH-113,2012-09-19,8642
NLA12_OH-114,,
NLA12_OH-115,2012-08-23,8207
NLA12_OH-116,,
NLA12_OH-117,,
NLA12_OH-118,2012-07-17,7232
NLA12_OH-118,2012-08-21,8169
NLA12_OH-119,,
NLA12_OH-120,,
NLA12_OH-121,,
NLA12_OH-122,2012-09-13,8487
NLA12_OH-123,,
NLA12_OH-124,,
NLA12_OH-125,,
NLA12_OH-126,,
NLA12_OH-127,2012-07-19,7294
NLA12_OH-128,,
NLA12_OH-129,,
NLA12_OH-130,,
NLA12_OH-131,,
NLA12_OH-132,,
NLA12_OH-133,,
NLA12_OH-134,2012-08-02,7652
NLA12_OH-135,,
NLA12_OH-136,2012-07-11,7105
NLA12_OH-137,2012-08-02,7637
NLA12_OH-R02,2012-07-30,7528
NLA12_OH-R03,2012-09-05,8403
NLA12_OK-101,2012-06-12,6550
NLA12_OK-101,2012-09-11,8482
NLA12_OK-102,2012-09-04,8462
NLA12_OK-103,2012-07-02,6919
NLA12_OK-104,2012-06-19,6669
NLA12_OK-105,2012-07-09,7023
NLA12_OK-106,2012-07-09,7028
NLA12_OK-107,2012-08-14,7959
NLA12_OK-108,2012-06-11,6555
NLA12_OK-109,2012-06-20,6695
NLA12_OK-116,,
NLA12_OK-117,2012-07-10,7059
NLA12_OK-118,2012-05-23,6270
NLA12_OK-119,2012-07-24,7402
NLA12_OK-120,2012-06-19,6668
NLA12_OK-121,2012-06-11,6525
NLA12_OK-122,2012-05-21,6236
NLA12_OK-132,2012-08-07,7739
NLA12_OK-133,2012-09-04,8358
NLA12_OK-134,2012-06-18,6646
NLA12_OK-135,2012-06-11,6556
NLA12_OK-284,,
NLA12_OK-285,2012-09-10,8463
NLA12_OK-286,2012-09-05,8393
NLA12_OK-287,,
NLA12_OK-288,2012-08-01,7598
NLA12_OK-289,,
NLA12_OK-290,,
NLA12_OK-291,2012-06-12,6551
NLA12_OK-292,2012-08-08,7764
NLA12_OK-293,2012-05-29,6318
NLA12_OK-294,,
NLA12_OK-295,,
NLA12_OK-296,2012-07-16,7286
NLA12_OK-297,,
NLA12_OK-298,,
NLA12_OK-299,2012-07-18,7262
NLA12_OK-299,2012-09-12,8503
NLA12_OK-300,,
NLA12_OK-301,,
NLA12_OK-302,2012-07-11,7106
NLA12_OK-303,,
NLA12_OK-304,,
NLA12_OK-305,,
NLA12_OK-306,2012-07-23,7364
NLA12_OK-307,,
NLA12_OK-308,,
NLA12_OK-309,,
NLA12_OK-310,,
NLA12_OK-311,2012-09-11,8481
NLA12_OK-R01,2012-05-22,6249
NLA12_OK-R09,2012-05-23,6302
NLA12_OR-101,2012-06-26,1000021
NLA12_OR-102,2012-08-09,7810
NLA12_OR-103,2012-08-22,8165
NLA12_OR-103,2012-09-12,8514
NLA12_OR-104,2012-07-09,7027
NLA12_OR-105,2012-08-06,7719
NLA12_OR-106,2012-07-10,1000049
NLA12_OR-107,2012-08-01,7615
NLA12_OR-108,,
NLA12_OR-109,2012-08-13,7918
NLA12_OR-110,2012-06-18,6667
NLA12_OR-111,2012-06-27,6843
NLA12_OR-112,2012-08-08,7776
NLA12_OR-113,2012-07-16,7207
NLA12_OR-114,,
NLA12_OR-115,,
NLA12_OR-116,,
NLA12_OR-117,,
NLA12_OR-118,,
NLA12_OR-119,,
NLA12_OR-120,,
NLA12_OR-121,2012-08-20,8074
NLA12_OR-121,2012-09-13,8542
NLA12_OR-122,,
NLA12_OR-123,2012-07-17,7226
NLA12_OR-124,,
NLA12_OR-125,,
NLA12_OR-126,2012-09-10,8478
NLA12_OR-127,,
NLA12_OR-128,2012-08-14,7949
NLA12_OR-129,2012-07-30,7560
NLA12_OR-130,,
NLA12_OR-131,2012-06-21,1000017
NLA12_OR-132,,
NLA12_OR-133,2012-06-20,1000016
NLA12_OR-134,,
NLA12_OR-135,,
NLA12_OR-136,,
NLA12_OR-137,,
NLA12_OR-138,,
NLA12_OR-139,,
NLA12_OR-140,,
NLA12_OR-141,,
NLA12_OR-142,,
NLA12_OR-143,,
NLA12_OR-144,2012-08-15,7995
NLA12_OR-145,2012-07-31,7622
NLA12_OR-146,,
NLA12_OR-147,,
NLA12_OR-148,,
NLA12_OR-149,,
NLA12_OR-150,,
NLA12_OR-151,,
NLA12_OR-152,,
NLA12_OR-153,,
NLA12_OR-154,2012-08-07,7747
NLA12_OR-155,2012-07-18,7250
NLA12_OR-156,,
NLA12_OR-157,,
NLA12_OR-158,2012-09-18,8634
NLA12_OR-159,,
NLA12_OR-160,2012-08-21,8164
NLA12_OR-161,,
NLA12_OR-162,,
NLA12_OR-163,2012-09-17,8633
NLA12_OR-164,,
NLA12_OR-165,,
NLA12_OR-166,,
NLA12_OR-167,2012-09-19,1000211
NLA12_OR-168,,
NLA12_OR-169,2012-07-11,7100
NLA12_OR-170,,
NLA12_OR-171,,
NLA12_OR-172,,
NLA12_OR-173,2012-09-11,8479
NLA12_PA-101,2012-06-12,6537
NLA12_PA-101,2012-09-12,8507
NLA12_PA-102,2012-09-05,6252
NLA12_PA-103,2012-08-28,8324
NLA12_PA-104,,
NLA12_PA-105,2012-07-10,7113
NLA12_PA-106,2012-07-31,7596
NLA12_PA-107,2012-06-06,6451
NLA12_PA-108,2012-05-30,6347
NLA12_PA-108,2012-08-08,7803
NLA12_PA-109,2012-06-26,6833
NLA12_PA-110,2012-07-11,7122
NLA12_PA-111,2012-08-23,8201
NLA12_PA-112,,
NLA12_PA-113,2012-08-15,7982
NLA12_PA-114,2012-07-18,7269
NLA12_PA-115,2012-08-22,8202
NLA12_PA-116,,
NLA12_PA-117,2012-08-01,7595
NLA12_PA-118,2012-06-27,6832
NLA12_PA-119,2012-09-06,8422
NLA12_PA-R10,2012-07-23,7360
NLA12_PA-R11,2012-07-24,7361
NLA12_RI-101,,
NLA12_RI-102,2012-07-02,6929
NLA12_RI-102,2012-07-25,7466
NLA12_RI-103,2012-07-17,7233
NLA12_RI-104,2012-06-27,6831
NLA12_RI-105,,
NLA12_RI-106,,
NLA12_RI-107,,
NLA12_RI-108,2012-07-18,7264
NLA12_RI-109,,
NLA12_RI-110,2012-07-10,7092
NLA12_RI-111,2012-07-05,6967
NLA12_RI-111,2012-07-19,7305
NLA12_RI-112,2012-07-11,7138
NLA12_RI-113,2012-07-12,7149
NLA12_SC-101,,
NLA12_SC-102,2012-08-14,7927
NLA12_SC-103,2012-06-05,6444
NLA12_SC-103,2012-08-21,8125
NLA12_SC-104,2012-05-25,6320
NLA12_SC-104,2012-08-16,8011
NLA12_SC-105,2012-05-27,6321
NLA12_SC-106,2012-06-01,6397
NLA12_SC-107,,
NLA12_SC-108,2012-05-28,6326
NLA12_SC-109,,
NLA12_SC-110,,
NLA12_SC-111,,
NLA12_SC-112,2012-05-26,6325
NLA12_SC-112,2012-08-12,7844
NLA12_SC-113,,
NLA12_SC-114,,
NLA12_SC-115,,
NLA12_SC-116,,
NLA12_SC-117,,
NLA12_SC-118,2012-08-13,7862
NLA12_SC-119,,
NLA12_SC-120,,
NLA12_SC-121,,
NLA12_SC-122,,
NLA12_SC-123,,
NLA12_SC-124,,
NLA12_SC-125,,
NLA12_SC-126,,
NLA12_SC-127,2012-08-15,8000
NLA12_SD-101,2012-05-31,6362
NLA12_SD-101,2012-08-16,7990
NLA12_SD-102,2012-06-28,6871
NLA12_SD-103,2012-08-28,8266
NLA12_SD-104,2012-06-06,6445
NLA12_SD-105,2012-07-18,7267
NLA12_SD-106,2012-06-26,6804
NLA12_SD-107,2012-07-30,7536
NLA12_SD-108,2012-07-17,7238
NLA12_SD-109,2012-08-20,8071
NLA12_SD-110,2012-06-27,6808
NLA12_SD-111,2012-07-12,7150
NLA12_SD-112,,
NLA12_SD-113,,
NLA12_SD-114,2012-06-12,6543
NLA12_SD-115,2012-06-12,6544
NLA12_SD-115,2012-08-14,7940
NLA12_SD-116,,
NLA12_SD-117,,
NLA12_SD-118,,
NLA12_SD-119,2012-07-31,7552
NLA12_SD-120,,
NLA12_SD-121,,
NLA12_SD-122,2012-06-06,6446
NLA12_SD-123,,
NLA12_SD-124,2012-06-19,6684
NLA12_SD-125,,
NLA12_SD-126,2012-07-10,7062
NLA12_SD-127,,
NLA12_SD-128,,
NLA12_SD-129,,
NLA12_SD-130,2012-06-05,6417
NLA12_SD-131,2012-08-13,7856
NLA12_SD-132,2012-07-26,7460
NLA12_SD-133,2012-07-23,7357
NLA12_SD-134,2012-07-16,7199
NLA12_SD-135,,
NLA12_SD-136,,
NLA12_SD-137,2012-08-07,7730
NLA12_SD-138,2012-06-04,6402
NLA12_SD-139,,
NLA12_SD-140,2012-06-19,6685
NLA12_SD-141,2012-08-28,8276
NLA12_SD-142,,
NLA12_SD-143,2012-08-16,8010
NLA12_SD-144,,
NLA12_SD-145,,
NLA12_SD-146,2012-09-18,8625
NLA12_SD-147,2012-08-06,7714
NLA12_SD-148,,
NLA12_SD-149,,
NLA12_SD-150,2012-08-28,8275
NLA12_SD-151,,
NLA12_SD-152,,
NLA12_SD-153,,
NLA12_SD-154,2012-08-22,8176
NLA12_SD-155,,
NLA12_SD-156,,
NLA12_SD-157,2012-08-27,8245
NLA12_SD-158,2012-07-11,7107
NLA12_SD-159,,
NLA12_SD-160,,
NLA12_SD-161,,
NLA12_SD-162,2012-08-27,8249
NLA12_SD-163,,
NLA12_SD-164,,
NLA12_SD-165,2012-07-26,7451
NLA12_SD-166,2012-06-04,6440
NLA12_SD-167,,
NLA12_SD-168,2012-06-18,6634
NLA12_SD-169,,
NLA12_SD-170,2012-08-21,8126
NLA12_SD-171,,
NLA12_SD-172,2012-06-20,6683
NLA12_SD-173,,
NLA12_SD-174,,
NLA12_SD-175,,
NLA12_SD-176,,
NLA12_SD-177,,
NLA12_SD-178,,
NLA12_SD-179,,
NLA12_SD-180,,
NLA12_SD-181,,
NLA12_SD-182,2012-06-05,6422
NLA12_SD-183,2012-07-05,6963
NLA12_SD-184,,
NLA12_SD-185,,
NLA12_SD-186,,
NLA12_SD-187,,
NLA12_SD-188,,
NLA12_SD-189,2012-07-25,7414
NLA12_SD-190,,
NLA12_SD-191,,
NLA12_SD-192,,
NLA12_SD-193,,
NLA12_SD-194,,
NLA12_SD-195,,
NLA12_SD-196,,
NLA12_SD-197,,
NLA12_SD-198,2012-08-29,8311
NLA12_SD-199,,
NLA12_SD-200,,
NLA12_SD-201,,
NLA12_SD-202,,
NLA12_SD-203,,
NLA12_SD-204,,
NLA12_SD-205,,
NLA12_SD-206,,
NLA12_SD-207,,
NLA12_SD-208,,
NLA12_SD-209,,
NLA12_SD-210,,
NLA12_SD-211,,
NLA12_SD-212,2012-07-27,7512
NLA12_TN-101,2012-05-30,6393
NLA12_TN-101,2012-09-18,8626
NLA12_TN-102,,
NLA12_TN-103,2012-09-17,8614
NLA12_TN-104,2012-09-21,8663
NLA12_TN-105,,
NLA12_TN-106,2012-09-12,8502
NLA12_TN-107,,
NLA12_TN-108,2012-05-29,6395
NLA12_TN-108,2012-09-15,8602
NLA12_TN-109,,
NLA12_TN-110,,
NLA12_TN-111,,
NLA12_TN-112,,
NLA12_TN-113,2012-06-01,6394
NLA12_TN-114,2012-05-31,6381
NLA12_TN-114,2012-09-14,8601
NLA12_TN-115,,
NLA12_TN-116,,
NLA12_TN-117,,
NLA12_TN-118,,
NLA12_TN-119,2012-09-16,8600
NLA12_TN-120,,
NLA12_TN-121,,
NLA12_TN-122,2012-09-13,8553
NLA12_TN-R01,2012-09-19,8664
NLA12_TX-101,2012-06-21,6735
NLA12_TX-101,2012-09-13,8547
NLA12_TX-102,2012-10-19,9178
NLA12_TX-103,2012-07-17,1000073
NLA12_TX-104,2012-08-07,7734
NLA12_TX-105,2012-06-28,6860
NLA12_TX-106,2012-08-27,8239
NLA12_TX-107,2012-06-27,6849
NLA12_TX-108,2012-10-19,9179
NLA12_TX-109,2012-07-11,1000053
NLA12_TX-110,2012-06-28,1000026
NLA12_TX-111,2012-07-16,7205
NLA12_TX-112,2012-07-17,7244
NLA12_TX-113,2012-08-02,7640
NLA12_TX-114,2012-07-26,7483
NLA12_TX-115,2012-10-19,9180
NLA12_TX-116,2012-08-09,7804
NLA12_TX-117,2012-06-19,6666
NLA12_TX-117,2012-07-10,1000048
NLA12_TX-118,2012-08-30,8330
NLA12_TX-119,2012-10-19,9181
NLA12_TX-120,2012-07-14,1000061
NLA12_TX-121,2012-06-13,6586
NLA12_TX-122,2012-10-19,9182
NLA12_TX-123,2012-10-19,9183
NLA12_TX-124,2012-07-13,1000060
NLA12_TX-125,2012-10-19,9184
NLA12_TX-126,2012-10-19,9185
NLA12_TX-127,2012-10-19,9186
NLA12_TX-128,2012-08-16,7994
NLA12_TX-129,2012-09-25,8762
NLA12_TX-130,2012-10-19,9187
NLA12_TX-131,2012-10-19,9188
NLA12_TX-132,2012-10-19,9189
NLA12_TX-133,2012-10-19,9190
NLA12_TX-134,2012-10-19,9191
NLA12_TX-135,2012-06-26,1000022
NLA12_TX-136,2012-07-15,7178
NLA12_TX-137,2012-09-06,8413
NLA12_TX-138,2012-10-19,9192
NLA12_TX-139,2012-10-19,9193
NLA12_TX-140,2012-10-19,9194
NLA12_TX-141,2012-06-18,1000014
NLA12_TX-142,2012-10-19,9195
NLA12_TX-143,2012-10-19,9196
NLA12_TX-144,2012-06-14,6622
NLA12_TX-145,2012-10-19,9197
NLA12_TX-146,2012-10-19,9198
NLA12_TX-147,2012-10-19,9199
NLA12_TX-148,2012-07-15,1000062
NLA12_TX-149,2012-10-19,9200
NLA12_TX-150,2012-10-19,9201
NLA12_TX-151,2012-10-19,9202
NLA12_TX-152,2012-07-17,7247
NLA12_TX-153,2012-10-19,9203
NLA12_TX-154,2012-10-19,9204
NLA12_TX-155,2012-10-19,9205
NLA12_TX-156,2012-10-19,9206
NLA12_TX-157,2012-06-25,6805
NLA12_TX-158,2012-06-24,1000018
NLA12_TX-159,2012-09-11,8480
NLA12_TX-160,2012-06-22,6744
NLA12_TX-161,2012-09-19,8655
NLA12_TX-162,2012-10-19,9207
NLA12_TX-163,2012-10-19,9208
NLA12_TX-164,2012-10-19,9209
NLA12_TX-165,2012-06-18,6647
NLA12_TX-166,2012-10-19,9210
NLA12_TX-167,2012-10-19,9211
NLA12_TX-168,2012-10-19,9212
NLA12_TX-169,2012-06-19,1000015
NLA12_TX-170,2012-07-11,7108
NLA12_TX-171,2012-10-19,9213
NLA12_TX-172,2012-10-19,9214
NLA12_TX-173,2012-10-19,9215
NLA12_TX-174,2012-10-19,9216
NLA12_TX-175,2012-10-19,9217
NLA12_TX-176,2012-07-10,7063
NLA12_TX-177,2012-10-19,9218
NLA12_TX-178,2012-10-19,9219
NLA12_TX-179,2012-10-19,9220
NLA12_TX-180,2012-10-19,9221
NLA12_TX-181,2012-10-19,9222
NLA12_TX-182,2012-07-19,7304
NLA12_TX-183,2012-10-19,9223
NLA12_TX-184,2012-09-12,8513
NLA12_TX-185,2012-10-19,9224
NLA12_TX-186,2012-10-19,9225
NLA12_TX-187,2012-06-26,6794
NLA12_TX-188,2012-10-19,9226
NLA12_TX-189,2012-10-19,9227
NLA12_TX-190,2012-07-11,7109
NLA12_TX-191,2012-10-19,9228
NLA12_TX-192,2012-10-19,9229
NLA12_TX-193,2012-10-19,9230
NLA12_TX-194,2012-10-19,9231
NLA12_TX-195,2012-06-24,6762
NLA12_TX-196,2012-09-27,8811
NLA12_TX-197,2012-10-19,9232
NLA12_TX-198,2012-10-19,9233
NLA12_TX-199,2012-08-29,8300
NLA12_TX-200,2012-10-19,9234
NLA12_TX-201,2012-07-18,7265
NLA12_TX-202,2012-08-30,8342
NLA12_TX-203,2012-10-19,9235
NLA12_TX-204,2012-10-19,9236
NLA12_TX-205,2012-07-27,7496
NLA12_TX-206,2012-10-19,9237
NLA12_TX-207,2012-10-19,9238
NLA12_TX-208,2012-10-19,9239
NLA12_TX-209,2012-10-19,9240
NLA12_TX-210,2012-10-19,9241
NLA12_TX-211,2012-10-19,9242
NLA12_TX-212,2012-10-19,9243
NLA12_TX-213,2012-10-19,9244
NLA12_TX-214,2012-10-19,9245
NLA12_TX-215,2012-10-19,9246
NLA12_TX-216,2012-10-19,9247
NLA12_TX-217,2012-10-19,9248
NLA12_TX-218,2012-08-22,8203
NLA12_TX-219,2012-10-19,9249
NLA12_TX-220,2012-10-19,9250
NLA12_TX-221,2012-10-19,9251
NLA12_TX-222,2012-10-19,9252
NLA12_TX-223,2012-10-19,9253
NLA12_TX-224,2012-10-19,9254
NLA12_TX-225,2012-10-19,9255
NLA12_TX-226,2012-10-19,9256
NLA12_TX-227,2012-10-19,9257
NLA12_TX-228,2012-10-19,9258
NLA12_TX-229,2012-10-19,9259
NLA12_TX-230,2012-10-19,9260
NLA12_TX-231,2012-10-19,9261
NLA12_TX-232,2012-09-18,8646
NLA12_TX-233,2012-10-19,9262
NLA12_TX-234,2012-09-27,8810
NLA12_TX-235,2012-09-20,8665
NLA12_TX-R02,2012-06-13,6608
NLA12_TX-R08,2012-09-12,8532
NLA12_TX-R09,2012-09-25,8773
NLA12_UT-101,2012-05-15,6216
NLA12_UT-101,2012-07-12,7153
NLA12_UT-102,2012-06-11,6527
NLA12_UT-103,2012-05-09,6194
NLA12_UT-104,2012-06-07,6478
NLA12_UT-105,2012-06-19,6665
NLA12_UT-106,2012-06-22,6732
NLA12_UT-107,2012-06-22,6733
NLA12_UT-108,2012-05-17,6227
NLA12_UT-109,2012-06-12,6575
NLA12_UT-110,2012-06-12,6552
NLA12_UT-110,2012-09-06,8446
NLA12_UT-111,2012-06-22,6734
NLA12_UT-112,2012-06-05,6447
NLA12_UT-113,2012-06-04,6736
NLA12_UT-114,2012-05-07,6752
NLA12_UT-115,2012-06-01,9285
NLA12_UT-116,2012-06-01,8821
NLA12_UT-117,2012-05-01,6760
NLA12_UT-118,2012-08-08,7798
NLA12_UT-119,2012-05-01,6761
NLA12_UT-120,2012-05-01,6788
NLA12_UT-121,2012-06-27,8820
NLA12_UT-122,2012-08-29,8329
NLA12_UT-123,2012-05-01,6934
NLA12_UT-124,2012-06-01,7014
NLA12_UT-125,2012-07-04,6944
NLA12_UT-126,2012-08-14,7958
NLA12_UT-127,2012-06-01,7013
NLA12_UT-128,2012-06-06,6449
NLA12_UT-129,2012-06-01,7016
NLA12_UT-130,2012-06-01,7015
NLA12_UT-131,2012-07-19,7507
NLA12_UT-132,,
NLA12_UT-133,,
NLA12_UT-134,,
NLA12_UT-135,,
NLA12_UT-136,2012-07-19,7505
NLA12_UT-137,2012-07-11,7155
NLA12_UT-138,,
NLA12_UT-139,,
NLA12_UT-140,,
NLA12_UT-141,2012-06-28,6869
NLA12_UT-142,2012-07-19,7506
NLA12_UT-143,,
NLA12_UT-144,,
NLA12_UT-145,,
NLA12_UT-146,,
NLA12_UT-147,2012-08-14,7998
NLA12_UT-148,2012-07-02,6926
NLA12_UT-149,,
NLA12_UT-150,,
NLA12_UT-151,2012-07-31,7654
NLA12_UT-152,,
NLA12_UT-153,,
NLA12_UT-154,,
NLA12_UT-155,,
NLA12_UT-156,,
NLA12_UT-157,2012-07-11,7705
NLA12_UT-158,,
NLA12_UT-159,2012-08-15,7996
NLA12_UT-160,2012-06-21,6731
NLA12_UT-161,,
NLA12_UT-162,,
NLA12_UT-163,,
NLA12_UT-164,,
NLA12_UT-165,2012-06-27,6826
NLA12_UT-166,,
NLA12_UT-167,2012-08-01,7593
NLA12_UT-168,,
NLA12_UT-169,2012-07-10,7057
NLA12_UT-170,,
NLA12_UT-171,,
NLA12_UT-172,,
NLA12_UT-173,2012-06-27,6825
NLA12_UT-174,,
NLA12_UT-175,,
NLA12_UT-176,,
NLA12_UT-177,,
NLA12_UT-178,2012-09-11,8531
NLA12_UT-179,,
NLA12_UT-180,,
NLA12_UT-181,,
NLA12_UT-182,,
NLA12_UT-183,,
NLA12_UT-184,,
NLA12_UT-185,,
NLA12_UT-186,2012-06-28,6868
NLA12_UT-187,,
NLA12_UT-188,,
NLA12_UT-189,,
NLA12_UT-190,,
NLA12_UT-191,,
NLA12_UT-192,,
NLA12_UT-193,,
NLA12_UT-194,,
NLA12_UT-195,,
NLA12_UT-196,2012-08-02,7643
NLA12_UT-197,,
NLA12_UT-198,,
NLA12_UT-199,,
NLA12_UT-200,,
NLA12_UT-201,,
NLA12_UT-202,,
NLA12_UT-203,2012-07-23,7367
NLA12_UT-204,,
NLA12_UT-205,,
NLA12_UT-206,,
NLA12_UT-207,,
NLA12_UT-208,,
NLA12_UT-209,,
NLA12_UT-210,2012-07-11,7097
NLA12_UT-211,,
NLA12_UT-212,,
NLA12_UT-213,,
NLA12_UT-214,,
NLA12_UT-215,,
NLA12_UT-216,,
NLA12_UT-217,,
NLA12_UT-218,2012-08-10,7841
NLA12_UT-219,,
NLA12_UT-220,,
NLA12_UT-221,,
NLA12_UT-222,2012-07-12,7154
NLA12_UT-223,,
NLA12_UT-224,,
NLA12_UT-225,,
NLA12_UT-226,,
NLA12_UT-227,,
NLA12_UT-228,,
NLA12_UT-229,2012-09-05,8395
NLA12_UT-230,,
NLA12_UT-231,,
NLA12_UT-232,,
NLA12_UT-233,,
NLA12_UT-234,,
NLA12_UT-235,,
NLA12_UT-236,,
NLA12_UT-238,,
NLA12_UT-239,,
NLA12_UT-240,,
NLA12_UT-241,,
NLA12_UT-242,,
NLA12_UT-243,,
NLA12_UT-244,,
NLA12_UT-245,,
NLA12_UT-246,,
NLA12_UT-247,,
NLA12_UT-248,2012-09-11,8510
NLA12_UT-250,,
NLA12_UT-251,,
NLA12_UT-252,,
NLA12_UT-255,,
NLA12_UT-256,,
NLA12_UT-257,,
NLA12_UT-258,,
NLA12_UT-259,,
NLA12_UT-260,2012-07-05,6966
NLA12_UT-261,,
NLA12_UT-262,,
NLA12_UT-263,,
NLA12_UT-264,2012-09-12,8504
NLA12_UT-265,,
NLA12_UT-266,,
NLA12_UT-267,,
NLA12_UT-268,,
NLA12_UT-269,,
NLA12_UT-270,,
NLA12_UT-271,,
NLA12_UT-272,,
NLA12_UT-273,,
NLA12_UT-274,,
NLA12_UT-275,,
NLA12_UT-276,,
NLA12_UT-277,,
NLA12_UT-278,,
NLA12_UT-279,,
NLA12_UT-280,,
NLA12_UT-281,,
NLA12_UT-282,,
NLA12_UT-283,,
NLA12_UT-284,,
NLA12_UT-285,,
NLA12_UT-286,,
NLA12_UT-287,,
NLA12_UT-288,,
NLA12_UT-289,,
NLA12_UT-290,2012-09-07,8447
NLA12_UT-291,,
NLA12_UT-292,,
NLA12_UT-293,,
NLA12_UT-294,2012-07-17,7225
NLA12_UT-295,,
NLA12_UT-296,,
NLA12_UT-298,,
NLA12_UT-299,,
NLA12_UT-300,,
NLA12_UT-301,,
NLA12_UT-302,,
NLA12_UT-303,,
NLA12_UT-306,,
NLA12_UT-307,,
NLA12_UT-308,,
NLA12_UT-309,,
NLA12_UT-310,,
NLA12_UT-311,,
NLA12_UT-313,,
NLA12_UT-314,,
NLA12_UT-317,,
NLA12_UT-318,,
NLA12_UT-319,,
NLA12_UT-320,,
NLA12_UT-321,,
NLA12_UT-322,,
NLA12_UT-323,,
NLA12_UT-324,2012-09-04,8360
NLA12_UT-325,2012-09-05,8390
NLA12_UT-327,,
NLA12_UT-328,,
NLA12_UT-329,,
NLA12_UT-330,,
NLA12_UT-332,2012-09-05,8536
NLA12_UT-334,,
NLA12_UT-336,,
NLA12_UT-337,,
NLA12_UT-338,,
NLA12_UT-339,,
NLA12_UT-340,,
NLA12_UT-341,,
NLA12_UT-342,,
NLA12_UT-343,2012-09-11,8508
NLA12_UT-344,,
NLA12_UT-345,,
NLA12_UT-346,,
NLA12_UT-347,,
NLA12_UT-348,,
NLA12_UT-350,,
NLA12_UT-351,,
NLA12_UT-352,,
NLA12_UT-353,,
NLA12_UT-354,,
NLA12_UT-355,,
NLA12_UT-356,,
NLA12_UT-358,,
NLA12_UT-359,2012-09-12,8509
NLA12_UT-360,,
NLA12_UT-361,,
NLA12_UT-362,,
NLA12_UT-363,,
NLA12_UT-365,,
NLA12_UT-366,,
NLA12_UT-367,,
NLA12_UT-368,,
NLA12_UT-369,,
NLA12_UT-370,,
NLA12_UT-371,,
NLA12_UT-374,2012-08-30,8321
NLA12_UT-375,,
NLA12_UT-376,,
NLA12_UT-377,,
NLA12_UT-378,,
NLA12_UT-380,,
NLA12_UT-381,,
NLA12_UT-384,,
NLA12_UT-385,,
NLA12_UT-386,,
NLA12_UT-388,,
NLA12_UT-389,,
NLA12_UT-390,,
NLA12_UT-391,,
NLA12_UT-392,2012-09-26,8777
NLA12_UT-393,,
NLA12_UT-394,,
NLA12_UT-395,,
NLA12_UT-396,,
NLA12_UT-397,2012-09-25,8765
NLA12_UT-398,,
NLA12_UT-399,,
NLA12_UT-400,2012-09-27,8812
NLA12_UT-401,,
NLA12_UT-402,,
NLA12_UT-404,,
NLA12_UT-405,,
NLA12_UT-406,,
NLA12_UT-407,,
NLA12_UT-408,,
NLA12_UT-409,2012-09-27,8787
NLA12_UT-410,,
NLA12_UT-412,2012-09-25,8766
NLA12_UT-413,,
NLA12_UT-415,,
NLA12_UT-416,,
NLA12_UT-418,,
NLA12_UT-421,,
NLA12_UT-422,,
NLA12_UT-423,,
NLA12_UT-424,2012-09-26,8776
NLA12_VA-101,2012-07-10,7054
NLA12_VA-101,2012-08-02,7635
NLA12_VA-102,2012-07-30,7537
NLA12_VA-103,2012-07-18,7260
NLA12_VA-104,2012-07-25,7410
NLA12_VA-105,2012-07-11,7095
NLA12_VA-106,2012-08-01,7586
NLA12_VA-107,,
NLA12_VA-108,2012-06-12,6553
NLA12_VA-109,2012-06-05,6424
NLA12_VA-109,2012-07-16,7196
NLA12_VA-110,2012-07-18,7259
NLA12_VA-111,2012-07-10,7053
NLA12_VA-112,2012-08-08,7777
NLA12_VA-113,,
NLA12_VA-114,2012-06-14,6587
NLA12_VA-115,,
NLA12_VA-116,2012-06-06,6438
NLA12_VA-117,,
NLA12_VA-118,2012-07-17,7237
NLA12_VA-119,2012-07-31,7564
NLA12_VA-121,2012-07-11,7094
NLA12_VA-122,,
NLA12_VA-123,2012-08-08,7778
NLA12_VA-124,,
NLA12_VA-125,2012-06-13,6568
NLA12_VA-126,2012-07-26,7455
NLA12_VA-127,2012-08-15,7963
NLA12_VA-128,,
NLA12_VA-129,,
NLA12_VA-130,2012-08-15,7964
NLA12_VA-R01,2012-06-26,6792
NLA12_VA-R05,2012-08-01,7636
NLA12_VA-R06,2012-07-31,7565
NLA12_VA-R14,2012-07-24,7378
NLA12_VA-R17,2012-06-27,6818
NLA12_VA-R18,2012-08-07,7738
NLA12_VT-101,2012-06-18,1000013
NLA12_VT-101,2012-08-01,1000110
NLA12_VT-102,2012-06-26,1000020
NLA12_VT-103,2012-07-30,7520
NLA12_VT-104,2012-07-17,1000071
NLA12_VT-105,,
NLA12_VT-106,2012-07-02,1000032
NLA12_VT-107,,
NLA12_VT-108,,
NLA12_VT-109,2012-07-12,1000054
NLA12_VT-110,2012-08-22,1000167
NLA12_VT-111,,
NLA12_VT-112,2012-07-05,6953
NLA12_VT-112,2012-08-24,8199
NLA12_VT-113,,
NLA12_VT-114,2012-07-26,1000097
NLA12_VT-115,2012-08-13,1000141
NLA12_VT-R01,2012-07-10,7056
NLA12_VT-R02,2012-07-11,7096
NLA12_WA-101,2012-07-12,7179
NLA12_WA-101,2012-08-21,8157
NLA12_WA-102,2012-08-02,7685
NLA12_WA-103,2012-08-27,8238
NLA12_WA-104,2012-09-11,8496
NLA12_WA-105,,
NLA12_WA-106,2012-07-24,1000087
NLA12_WA-107,2012-07-31,1000107
NLA12_WA-108,2012-07-17,7258
NLA12_WA-109,2012-08-14,7915
NLA12_WA-110,2012-09-26,8783
NLA12_WA-111,2012-08-09,1000136
NLA12_WA-112,2012-07-18,7257
NLA12_WA-113,,
NLA12_WA-114,2012-08-30,8319
NLA12_WA-115,2012-09-05,8391
NLA12_WA-116,2012-09-12,8495
NLA12_WA-117,,
NLA12_WA-118,2012-07-02,6925
NLA12_WA-119,,
NLA12_WA-120,2012-09-06,8444
NLA12_WA-121,2012-07-05,6984
NLA12_WA-122,,
NLA12_WA-123,,
NLA12_WA-124,2012-09-07,8442
NLA12_WA-125,2012-08-23,8182
NLA12_WA-126,2012-07-19,7256
NLA12_WA-127,,
NLA12_WA-128,,
NLA12_WA-129,2012-08-01,1000113
NLA12_WA-130,,
NLA12_WA-131,2012-08-08,1000134
NLA12_WA-132,,
NLA12_WA-133,2012-08-15,7956
NLA12_WA-133,2012-09-19,8657
NLA12_WA-134,,
NLA12_WA-135,,
NLA12_WA-136,,
NLA12_WA-137,,
NLA12_WA-138,2012-07-10,7055
NLA12_WA-139,,
NLA12_WA-140,,
NLA12_WA-141,2012-07-11,7148
NLA12_WA-142,,
NLA12_WA-143,,
NLA12_WA-144,,
NLA12_WA-145,,
NLA12_WA-146,2012-08-28,8291
NLA12_WA-147,2012-08-07,1000194
NLA12_WA-148,,
NLA12_WA-149,,
NLA12_WA-150,,
NLA12_WA-151,2012-09-18,8627
NLA12_WA-152,,
NLA12_WA-153,,
NLA12_WA-154,2012-09-25,8782
NLA12_WA-155,,
NLA12_WA-156,,
NLA12_WA-157,2012-07-04,6983
NLA12_WA-158,,
NLA12_WA-159,2012-09-13,8552
NLA12_WA-R08,2012-07-30,7538
NLA12_WA-R09,2012-07-31,7642
NLA12_WA-R10,2012-08-01,7621
NLA12_WA-R11,2012-08-07,7743
NLA12_WI-101,2012-06-26,1000023
NLA12_WI-101,2012-08-15,1000154
NLA12_WI-102,2012-06-27,1000028
NLA12_WI-103,2012-08-01,1000116
NLA12_WI-104,2012-07-17,1000121
NLA12_WI-105,2012-08-30,1000224
NLA12_WI-106,2012-08-28,1000188
NLA12_WI-107,2012-08-08,1000135
NLA12_WI-108,2012-07-30,1000109
NLA12_WI-109,2012-08-22,8193
NLA12_WI-110,2012-08-13,1000147
NLA12_WI-111,2012-09-06,8430
NLA12_WI-112,2012-07-19,1000108
NLA12_WI-112,2012-09-12,1000204
NLA12_WI-113,2012-07-05,1000039
NLA12_WI-114,2012-07-03,1000036
NLA12_WI-115,2012-08-20,8194
NLA12_WI-116,2012-07-24,1000225
NLA12_WI-117,2012-07-10,1000044
NLA12_WI-118,,
NLA12_WI-119,,
NLA12_WI-120,2012-08-09,1000138
NLA12_WI-121,,
NLA12_WI-122,2012-09-20,1000222
NLA12_WI-123,,
NLA12_WI-124,,
NLA12_WI-125,,
NLA12_WI-126,,
NLA12_WI-127,2012-08-02,1000119
NLA12_WI-128,2012-07-25,1000144
NLA12_WI-129,2012-08-07,1000127
NLA12_WI-130,2012-06-12,1000012
NLA12_WI-131,2012-07-18,1000082
NLA12_WI-132,2012-09-06,8427
NLA12_WI-133,2012-09-05,8426
NLA12_WI-134,2012-08-09,7808
NLA12_WI-135,2012-08-29,8429
NLA12_WI-136,2012-07-11,1000050
NLA12_WI-137,,
NLA12_WI-138,2012-08-27,1000180
NLA12_WI-139,,
NLA12_WI-140,2012-06-25,6776
NLA12_WI-141,,
NLA12_WI-142,2012-09-25,1000217
NLA12_WI-143,2012-07-30,1000226
NLA12_WI-144,2012-07-26,7735
NLA12_WI-145,,
NLA12_WI-146,,
NLA12_WI-147,2012-08-30,1000193
NLA12_WI-148,,
NLA12_WI-149,,
NLA12_WI-150,2012-07-03,1000037
NLA12_WI-151,2012-07-31,1000118
NLA12_WI-152,2012-07-02,1000034
NLA12_WI-153,2012-09-27,1000218
NLA12_WI-154,2012-07-16,1000083
NLA12_WI-155,2012-08-01,1000115
NLA12_WI-156,,
NLA12_WI-157,2012-09-19,1000223
NLA12_WI-158,,
NLA12_WI-159,,
NLA12_WI-160,,
NLA12_WI-161,2012-08-14,7943
NLA12_WI-162,,
NLA12_WI-163,2012-08-28,1000185
NLA12_WI-164,,
NLA12_WI-165,,
NLA12_WI-166,2012-07-26,1000100
NLA12_WI-167,,
NLA12_WI-168,2012-07-13,1000059
NLA12_WI-169,,
NLA12_WI-170,2012-09-11,1000203
NLA12_WI-171,2012-08-29,1000189
NLA12_WI-172,2012-07-14,1000063
NLA12_WI-173,2012-09-18,1000207
NLA12_WI-174,2012-09-24,1000220
NLA12_WI-175,,
NLA12_WI-176,2012-09-10,1000202
NLA12_WI-177,,
NLA12_WI-178,,
NLA12_WI-179,2012-08-21,8192
NLA12_WI-180,,
NLA12_WI-181,2012-09-04,8428
NLA12_WI-182,,
NLA12_WI-183,2012-09-26,1000219
NLA12_WI-184,,
NLA12_WI-185,,
NLA12_WI-186,,
NLA12_WI-187,,
NLA12_WI-188,2012-09-17,1000208
NLA12_WI-R06,2012-06-18,6633
NLA12_WI-R08,2012-05-22,6253
NLA12_WI-R11,2012-05-21,6237
NLA12_WI-R12,2012-08-08,7758
NLA12_WI-R13,2012-08-09,7785
NLA12_WV-101,2012-06-19,6692
NLA12_WV-101,2012-08-28,8299
NLA12_WV-102,2012-06-12,6554
NLA12_WV-103,,
NLA12_WV-104,,
NLA12_WV-105,2012-09-10,8470
NLA12_WV-106,2012-06-13,6590
NLA12_WV-107,,
NLA12_WV-108,,
NLA12_WV-109,,
NLA12_WV-110,,
NLA12_WV-111,2012-06-27,6827
NLA12_WV-112,2012-06-28,6877
NLA12_WV-112,2012-09-05,8394
NLA12_WV-113,2012-06-26,6806
NLA12_WV-114,,
NLA12_WV-115,2012-06-20,6714
NLA12_WV-R01,2012-06-27,6837
NLA12_WY-101,2012-07-04,6991
NLA12_WY-101,2012-09-13,8594
NLA12_WY-102,2012-07-24,7406
NLA12_WY-103,2012-07-28,7499
NLA12_WY-104,2012-07-06,6999
NLA12_WY-105,2012-07-09,7026
NLA12_WY-106,,
NLA12_WY-107,2012-07-07,7000
NLA12_WY-108,,
NLA12_WY-109,,
NLA12_WY-110,,
NLA12_WY-111,2012-07-06,7324
NLA12_WY-112,,
NLA12_WY-113,,
NLA12_WY-114,,
NLA12_WY-115,2012-08-03,7698
NLA12_WY-116,2012-08-05,7859
NLA12_WY-117,2012-07-26,7498
NLA12_WY-118,,
NLA12_WY-119,,
NLA12_WY-120,2012-07-29,7497
NLA12_WY-121,,
NLA12_WY-122,,
NLA12_WY-123,,
NLA12_WY-124,2012-07-24,7383
NLA12_WY-124,2012-09-18,8631
NLA12_WY-125,2012-09-06,8458
NLA12_WY-126,,
NLA12_WY-127,,
NLA12_WY-128,,
NLA12_WY-129,,
NLA12_WY-130,2012-07-08,7006
NLA12_WY-131,2012-07-10,7089
NLA12_WY-132,,
NLA12_WY-133,2012-07-31,7631
NLA12_WY-134,,
NLA12_WY-135,2012-07-11,7088
NLA12_WY-136,,
NLA12_WY-137,2012-09-14,8595
NLA12_WY-138,,
NLA12_WY-139,,
NLA12_WY-140,,
NLA12_WY-141,,
NLA12_WY-142,,
NLA12_WY-143,,
NLA12_WY-144,,
NLA12_WY-145,,
NLA12_WY-146,,
NLA12_WY-147,2012-09-17,8629
NLA12_WY-148,,
NLA12_WY-149,,
NLA12_WY-150,,
NLA12_WY-151,2012-09-15,1000206
NLA12_WY-R01,2012-08-16,8007
NLA12_WY-R02,2012-07-31,7580
NLA12_WY-R04,2012-08-14,7932
NLA12_WY-R08,2012-08-21,8119
